shape,weight,area,d,bf,tw,tf,k,k1,Ix,Zx,Sx,rx,Iy,Zy,Sy,ry,J,Cw,Wno,Sw1,Qf,Qw,rts,ho,PA,PB,PC,PD,T,WGi,WGo
W44X408,408.0,120.0,44.8,16.1,1.22,2.17,2.96,1.8125,38700.0,2000.0,1730.0,18.0,1520.0,297.0,189.0,3.56,134.0,691000.0,172.0,1500.0,344.0,994.0,4.33,42.6,134.0,150.0,106.0,122.0,38.0,5.5,3
W44X368,368.0,108.0,44.4,16.0,1.1,1.97,2.76,1.75,34700.0,1800.0,1560.0,17.9,1350.0,265.0,169.0,3.54,100.0,608000.0,170.0,1340.0,311.0,894.0,4.28,42.4,133.0,149.0,105.0,121.0,38.0,5.5,3
W44X335,335.0,98.5,44.0,15.9,1.03,1.77,2.56,1.75,31100.0,1620.0,1410.0,17.8,1200.0,236.0,150.0,3.49,74.7,535000.0,168.0,1180.0,278.0,805.0,4.24,42.2,132.0,148.0,104.0,120.0,38.0,5.5,3
W44X290,290.0,85.4,43.6,15.8,0.865,1.58,2.36,1.625,27000.0,1410.0,1240.0,17.8,1040.0,205.0,132.0,3.49,50.9,461000.0,166.0,1040.0,248.0,701.0,4.2,42.0,131.0,147.0,103.0,119.0,38.0,5.5,3
W44X262,262.0,77.2,43.3,15.8,0.785,1.42,2.2,1.625,24100.0,1270.0,1110.0,17.7,923.0,182.0,117.0,3.47,37.3,405000.0,165.0,928.0,223.0,630.0,4.17,41.9,131.0,147.0,102.0,118.0,38.0,5.5,3
W44X230,230.0,67.8,42.9,15.8,0.71,1.22,2.01,1.5625,20800.0,1100.0,971.0,17.5,796.0,157.0,101.0,3.43,24.9,346000.0,165.0,793.0,192.0,547.0,4.13,41.7,130.0,146.0,102.0,118.0,38.0,5.5,3
W40X655,655.0,193.0,43.6,16.9,1.97,3.54,4.72,2.1875,56500.0,3080.0,2590.0,17.1,2870.0,542.0,340.0,3.86,589.0,1150000.0,169.0,2530.0,529.0,1530.0,4.71,40.1,132.0,149.0,104.0,121.0,34.0,7.5,3
W40X593,593.0,174.0,43.0,16.7,1.79,3.23,4.41,2.125,50400.0,2760.0,2340.0,17.0,2520.0,481.0,302.0,3.8,445.0,997000.0,166.0,2240.0,479.0,1370.0,4.63,39.8,130.0,147.0,103.0,120.0,34.0,7.5,3
W40X503,503.0,148.0,42.1,16.4,1.54,2.76,3.94,2.0,41600.0,2320.0,1980.0,16.8,2040.0,394.0,249.0,3.72,277.0,789000.0,161.0,1830.0,403.0,1150.0,4.5,39.3,129.0,145.0,101.0,117.0,34.0,7.5,3
W40X431,431.0,127.0,41.3,16.2,1.34,2.36,3.54,1.875,34800.0,1960.0,1690.0,16.6,1690.0,328.0,208.0,3.65,177.0,638000.0,158.0,1510.0,341.0,969.0,4.41,38.9,127.0,143.0,98.8,115.0,34.0,7.5,3
W40X397,397.0,117.0,41.0,16.1,1.22,2.2,3.38,1.8125,32000.0,1800.0,1560.0,16.6,1540.0,300.0,191.0,3.64,142.0,579000.0,156.0,1380.0,318.0,891.0,4.38,38.8,126.0,142.0,98.1,114.0,34.0,7.5,3
W40X372,372.0,110.0,40.6,16.1,1.16,2.05,3.23,1.8125,29600.0,1680.0,1460.0,16.5,1420.0,277.0,177.0,3.6,116.0,528000.0,155.0,1280.0,295.0,829.0,4.33,38.6,125.0,141.0,97.3,113.0,34.0,7.5,3
W40X362,362.0,106.0,40.6,16.0,1.12,2.01,3.19,1.75,28900.0,1640.0,1420.0,16.5,1380.0,270.0,173.0,3.6,109.0,513000.0,154.0,1240.0,289.0,808.0,4.33,38.6,125.0,141.0,97.2,113.0,34.0,7.5,3
W40X324,324.0,95.3,40.2,15.9,1.0,1.81,2.99,1.6875,25600.0,1460.0,1280.0,16.4,1220.0,239.0,153.0,3.58,79.4,448000.0,153.0,1100.0,259.0,720.0,4.27,38.4,124.0,140.0,96.3,112.0,34.0,7.5,3
W40X297,297.0,87.3,39.8,15.8,0.93,1.65,2.83,1.6875,23200.0,1330.0,1170.0,16.3,1090.0,215.0,138.0,3.54,61.2,399000.0,151.0,982.0,234.0,652.0,4.22,38.2,123.0,139.0,95.4,111.0,34.0,7.5,3
W40X277,277.0,81.5,39.7,15.8,0.83,1.58,2.76,1.625,21900.0,1250.0,1100.0,16.4,1040.0,204.0,132.0,3.58,51.5,379000.0,151.0,940.0,225.0,614.0,4.25,38.1,123.0,139.0,95.2,111.0,34.0,7.5,3
W40X249,249.0,73.5,39.4,15.8,0.75,1.42,2.6,1.5625,19600.0,1120.0,993.0,16.3,926.0,182.0,118.0,3.55,38.1,334000.0,150.0,841.0,203.0,551.0,4.21,38.0,122.0,138.0,94.6,110.0,34.0,7.5,3
W40X215,215.0,63.5,39.0,15.8,0.65,1.22,2.4,1.5625,16700.0,964.0,859.0,16.2,803.0,156.0,101.0,3.54,24.8,284000.0,149.0,719.0,175.0,473.0,4.19,37.8,122.0,138.0,93.8,110.0,34.0,7.5,3
W40X199,199.0,58.8,38.7,15.8,0.65,1.07,2.25,1.5625,14900.0,869.0,770.0,16.0,695.0,137.0,88.2,3.45,18.3,246000.0,149.0,628.0,153.0,427.0,4.12,37.6,121.0,137.0,93.2,109.0,34.0,7.5,3
W40X392,392.0,116.0,41.6,12.4,1.42,2.52,3.7,1.9375,29900.0,1710.0,1440.0,16.1,803.0,212.0,130.0,2.64,172.0,306000.0,121.0,946.0,270.0,848.0,3.3,39.1,116.0,128.0,95.6,108.0,34.0,7.5,–
W40X331,331.0,97.7,40.8,12.2,1.22,2.13,3.31,1.8125,24700.0,1430.0,1210.0,15.9,644.0,172.0,106.0,2.57,105.0,241000.0,118.0,766.0,226.0,706.0,3.21,38.7,114.0,126.0,93.8,106.0,34.0,7.5,–
W40X327,327.0,95.9,40.8,12.1,1.18,2.13,3.31,1.8125,24500.0,1410.0,1200.0,16.0,640.0,170.0,105.0,2.58,103.0,239000.0,117.0,754.0,225.0,695.0,3.21,38.7,114.0,126.0,93.7,106.0,34.0,7.5,–
W40X294,294.0,86.2,40.4,12.0,1.06,1.93,3.11,1.75,21900.0,1270.0,1080.0,15.9,562.0,150.0,93.5,2.55,76.6,208000.0,115.0,668.0,203.0,622.0,3.16,38.5,113.0,125.0,92.8,105.0,34.0,7.5,–
W40X278,278.0,82.3,40.2,12.0,1.03,1.81,2.99,1.75,20500.0,1190.0,1020.0,15.8,521.0,140.0,87.1,2.52,65.0,192000.0,115.0,622.0,190.0,587.0,3.13,38.4,112.0,124.0,92.4,104.0,34.0,7.5,–
W40X264,264.0,77.4,40.0,11.9,0.96,1.73,2.91,1.6875,19400.0,1130.0,971.0,15.8,493.0,132.0,82.6,2.52,56.1,181000.0,114.0,589.0,182.0,555.0,3.12,38.3,112.0,124.0,91.9,104.0,34.0,7.5,–
W40X235,235.0,69.1,39.7,11.9,0.83,1.58,2.76,1.625,17400.0,1010.0,875.0,15.9,444.0,118.0,74.6,2.54,41.3,161000.0,113.0,530.0,166.0,495.0,3.11,38.1,111.0,123.0,91.3,103.0,34.0,7.5,–
W40X211,211.0,62.1,39.4,11.8,0.75,1.42,2.6,1.5625,15500.0,906.0,786.0,15.8,390.0,105.0,66.1,2.51,30.4,141000.0,112.0,468.0,148.0,442.0,3.07,38.0,110.0,122.0,90.6,102.0,34.0,7.5,–
W40X183,183.0,53.3,39.0,11.8,0.65,1.2,2.38,1.5625,13200.0,774.0,675.0,15.7,331.0,88.3,56.0,2.49,19.3,118000.0,112.0,395.0,126.0,376.0,3.04,37.8,110.0,122.0,89.8,102.0,34.0,7.5,–
W40X167,167.0,49.3,38.6,11.8,0.65,1.03,2.21,1.5625,11600.0,693.0,600.0,15.3,283.0,76.0,47.9,2.4,14.0,99700.0,111.0,336.0,107.0,336.0,2.98,37.6,109.0,121.0,89.0,101.0,34.0,7.5,–
W40X149,149.0,43.8,38.2,11.8,0.63,0.83,2.01,1.5,9800.0,598.0,513.0,15.0,229.0,62.2,38.8,2.29,9.36,80000.0,110.0,270.0,86.7,288.0,2.89,37.4,108.0,120.0,88.2,100.0,34.0,7.5,–
W36X925,925.0,272.0,43.1,18.6,3.02,4.53,5.28,2.3125,73000.0,4130.0,3390.0,16.4,4940.0,862.0,531.0,4.26,1430.0,1840000.0,179.0,3780.0,681.0,2060.0,5.3,38.6,134.0,153.0,105.0,124.0,32.375,7.5,3
W36X853,853.0,251.0,43.1,18.2,2.52,4.53,5.28,2.0625,70000.0,3920.0,3250.0,16.7,4600.0,805.0,505.0,4.28,1240.0,1710000.0,175.0,3620.0,685.0,1950.0,5.22,38.6,135.0,153.0,104.0,122.0,32.375,7.5,3
W36X802,802.0,236.0,42.6,18.0,2.38,4.29,5.04,2.0,64800.0,3660.0,3040.0,16.6,4210.0,744.0,468.0,4.22,1050.0,1540000.0,172.0,3330.0,642.0,1820.0,5.15,38.3,133.0,151.0,103.0,121.0,32.375,7.5,3
W36X723,723.0,213.0,41.8,17.8,2.17,3.9,4.65,1.875,57300.0,3270.0,2740.0,16.4,3700.0,658.0,416.0,4.17,785.0,1330000.0,169.0,2930.0,578.0,1630.0,5.06,37.9,131.0,149.0,101.0,119.0,32.375,7.5,3
W36X652,652.0,192.0,41.1,17.6,1.97,3.54,4.49,2.1875,50600.0,2910.0,2460.0,16.2,3230.0,581.0,367.0,4.1,593.0,1130000.0,165.0,2560.0,518.0,1450.0,4.96,37.6,129.0,147.0,99.8,117.0,31.375,7.5,3
W36X529,529.0,156.0,39.8,17.2,1.61,2.91,3.86,2.0,39600.0,2330.0,1990.0,16.0,2490.0,454.0,289.0,4.0,327.0,846000.0,159.0,1990.0,419.0,1160.0,4.8,36.9,127.0,144.0,96.8,114.0,31.375,7.5,3
W36X487,487.0,143.0,39.3,17.1,1.5,2.68,3.63,1.875,36000.0,2130.0,1830.0,15.8,2250.0,412.0,263.0,3.96,258.0,754000.0,157.0,1800.0,383.0,1060.0,4.74,36.6,125.0,142.0,95.7,113.0,31.375,7.5,3
W36X441,441.0,130.0,38.9,17.0,1.36,2.44,3.39,1.875,32100.0,1910.0,1650.0,15.7,1990.0,368.0,235.0,3.92,194.0,661000.0,154.0,1600.0,347.0,950.0,4.69,36.5,124.0,141.0,94.8,112.0,31.375,7.5,3
W36X395,395.0,116.0,38.4,16.8,1.22,2.2,3.15,1.8125,28500.0,1710.0,1490.0,15.7,1750.0,325.0,208.0,3.88,142.0,575000.0,152.0,1410.0,311.0,847.0,4.61,36.2,123.0,140.0,93.6,110.0,31.375,7.5,3
W36X361,361.0,106.0,38.0,16.7,1.12,2.01,2.96,1.75,25700.0,1550.0,1350.0,15.6,1570.0,293.0,188.0,3.85,109.0,509000.0,150.0,1270.0,282.0,767.0,4.58,36.0,122.0,139.0,92.7,109.0,31.375,7.5,3
W36X330,330.0,96.9,37.7,16.6,1.02,1.85,2.8,1.75,23300.0,1410.0,1240.0,15.5,1420.0,265.0,171.0,3.83,84.3,456000.0,149.0,1150.0,259.0,698.0,4.53,35.9,121.0,138.0,92.0,109.0,31.375,7.5,3
W36X302,302.0,89.0,37.3,16.7,0.945,1.68,2.63,1.6875,21100.0,1280.0,1130.0,15.4,1300.0,241.0,156.0,3.82,64.3,412000.0,148.0,1040.0,235.0,635.0,4.53,35.6,121.0,138.0,91.3,108.0,31.375,7.5,3
W36X282,282.0,82.9,37.1,16.6,0.885,1.57,2.52,1.625,19600.0,1190.0,1050.0,15.4,1200.0,223.0,144.0,3.8,52.7,378000.0,147.0,960.0,219.0,591.0,4.5,35.5,120.0,137.0,90.8,107.0,31.375,7.5,3
W36X262,262.0,77.2,36.9,16.6,0.84,1.44,2.39,1.625,17900.0,1100.0,972.0,15.3,1090.0,204.0,132.0,3.76,41.6,342000.0,147.0,873.0,200.0,543.0,4.46,35.5,120.0,137.0,90.4,107.0,31.375,7.5,3
W36X247,247.0,72.5,36.7,16.5,0.8,1.35,2.3,1.625,16700.0,1030.0,913.0,15.2,1010.0,190.0,123.0,3.74,34.7,316000.0,146.0,812.0,187.0,509.0,4.42,35.4,120.0,136.0,89.9,106.0,31.375,7.5,3
W36X231,231.0,68.2,36.5,16.5,0.76,1.26,2.21,1.5625,15600.0,963.0,854.0,15.1,940.0,176.0,114.0,3.71,28.7,292000.0,145.0,756.0,175.0,476.0,4.4,35.2,120.0,136.0,89.5,106.0,31.375,7.5,3
W36X387,387.0,114.0,39.1,12.7,1.42,2.56,3.31,1.9375,26500.0,1610.0,1360.0,15.2,882.0,224.0,139.0,2.78,172.0,294000.0,116.0,943.0,264.0,799.0,3.44,36.5,112.0,125.0,90.9,104.0,31.5,5.5,–
W36X350,350.0,103.0,38.6,12.6,1.3,2.32,3.07,1.875,23600.0,1440.0,1220.0,15.1,780.0,199.0,124.0,2.75,129.0,257000.0,114.0,835.0,238.0,718.0,3.41,36.3,111.0,124.0,89.8,102.0,31.5,5.5,–
W36X318,318.0,93.4,38.2,12.4,1.18,2.13,2.88,1.8125,21200.0,1300.0,1110.0,15.1,682.0,176.0,110.0,2.7,98.3,222000.0,112.0,738.0,216.0,646.0,3.33,36.1,110.0,122.0,88.8,101.0,31.5,5.5,–
W36X286,286.0,83.9,37.8,12.3,1.06,1.93,2.68,1.75,18900.0,1160.0,1000.0,15.0,602.0,156.0,97.9,2.68,72.8,194000.0,110.0,655.0,195.0,578.0,3.29,35.9,109.0,121.0,87.9,100.0,31.5,5.5,–
W36X256,256.0,75.3,37.4,12.2,0.96,1.73,2.48,1.6875,16800.0,1040.0,895.0,14.9,528.0,137.0,86.5,2.65,52.9,168000.0,109.0,576.0,174.0,516.0,3.24,35.7,108.0,120.0,87.0,99.2,31.5,5.5,–
W36X232,232.0,68.0,37.1,12.1,0.87,1.57,2.32,1.625,15000.0,936.0,809.0,14.8,468.0,122.0,77.2,2.62,39.6,148000.0,108.0,512.0,157.0,464.0,3.21,35.5,108.0,120.0,86.3,98.4,31.5,5.5,–
W36X210,210.0,61.9,36.7,12.2,0.83,1.36,2.11,1.625,13200.0,833.0,719.0,14.6,411.0,107.0,67.5,2.58,28.0,128000.0,108.0,446.0,136.0,412.0,3.18,35.3,107.0,119.0,85.6,97.8,31.5,5.5,–
W36X194,194.0,57.0,36.5,12.1,0.765,1.26,2.01,1.5625,12100.0,767.0,664.0,14.6,375.0,97.7,61.9,2.56,22.2,116000.0,107.0,407.0,126.0,379.0,3.15,35.2,107.0,119.0,85.1,97.2,31.5,5.5,–
W36X182,182.0,53.6,36.3,12.1,0.725,1.18,1.93,1.5625,11300.0,718.0,623.0,14.5,347.0,90.7,57.6,2.55,18.5,107000.0,106.0,378.0,118.0,355.0,3.13,35.1,106.0,118.0,84.7,96.8,31.5,5.5,–
W36X170,170.0,50.0,36.2,12.0,0.68,1.1,1.85,1.5625,10500.0,668.0,581.0,14.5,320.0,83.8,53.2,2.53,15.1,98500.0,105.0,349.0,109.0,330.0,3.11,35.1,106.0,118.0,84.4,96.4,31.5,5.5,–
W36X160,160.0,47.0,36.0,12.0,0.65,1.02,1.77,1.5625,9760.0,624.0,542.0,14.4,295.0,77.3,49.1,2.5,12.4,90200.0,105.0,321.0,101.0,308.0,3.09,35.0,105.0,117.0,84.0,96.0,31.5,5.5,–
W36X150,150.0,44.3,35.9,12.0,0.625,0.94,1.69,1.5,9040.0,581.0,504.0,14.3,270.0,70.9,45.1,2.47,10.1,82200.0,105.0,294.0,93.1,287.0,3.06,35.0,105.0,117.0,83.8,95.8,31.5,5.5,–
W36X135,135.0,39.9,35.6,12.0,0.6,0.79,1.54,1.5,7800.0,509.0,439.0,14.0,225.0,59.7,37.7,2.38,7.0,68100.0,104.0,245.0,77.9,251.0,2.99,34.8,105.0,117.0,83.2,95.2,31.5,5.5,–
W33X387,387.0,114.0,36.0,16.2,1.26,2.28,3.07,1.8125,24300.0,1560.0,1350.0,14.6,1620.0,312.0,200.0,3.77,148.0,459000.0,137.0,1260.0,287.0,778.0,4.49,33.7,117.0,133.0,88.2,104.0,28.875,5.5,3
W33X354,354.0,104.0,35.6,16.1,1.16,2.09,2.88,1.8125,22000.0,1420.0,1240.0,14.5,1460.0,282.0,181.0,3.74,115.0,408000.0,135.0,1130.0,262.0,707.0,4.44,33.5,116.0,132.0,87.3,103.0,28.875,5.5,3
W33X318,318.0,93.7,35.2,16.0,1.04,1.89,2.68,1.75,19500.0,1270.0,1110.0,14.5,1290.0,250.0,161.0,3.71,84.4,357000.0,133.0,1010.0,235.0,632.0,4.4,33.3,115.0,131.0,86.4,102.0,28.875,5.5,3
W33X291,291.0,85.6,34.8,15.9,0.96,1.73,2.52,1.6875,17700.0,1160.0,1020.0,14.4,1160.0,226.0,146.0,3.68,65.1,319000.0,131.0,904.0,214.0,573.0,4.34,33.1,114.0,130.0,85.5,101.0,28.875,5.5,3
W33X263,263.0,77.4,34.5,15.8,0.87,1.57,2.36,1.625,15900.0,1040.0,919.0,14.3,1040.0,202.0,131.0,3.66,48.7,281000.0,130.0,807.0,193.0,515.0,4.31,32.9,113.0,129.0,84.8,101.0,28.875,5.5,3
W33X241,241.0,71.1,34.2,15.9,0.83,1.4,2.19,1.625,14200.0,940.0,831.0,14.1,933.0,182.0,118.0,3.62,36.2,251000.0,130.0,726.0,173.0,467.0,4.29,32.8,113.0,129.0,84.3,100.0,28.875,5.5,3
W33X221,221.0,65.3,33.9,15.8,0.775,1.28,2.06,1.625,12900.0,857.0,759.0,14.1,840.0,164.0,106.0,3.59,27.8,224000.0,129.0,647.0,156.0,423.0,4.25,32.6,112.0,128.0,83.6,99.4,28.875,5.5,3
W33X201,201.0,59.1,33.7,15.7,0.715,1.15,1.94,1.5625,11600.0,773.0,686.0,14.0,749.0,147.0,95.2,3.56,20.8,198000.0,128.0,577.0,140.0,382.0,4.21,32.6,111.0,127.0,83.1,98.8,28.875,5.5,3
W33X169,169.0,49.5,33.8,11.5,0.67,1.22,1.92,1.5625,9290.0,629.0,549.0,13.7,310.0,84.4,53.9,2.5,17.7,82400.0,93.7,329.0,108.0,311.0,3.03,32.6,99.5,111.0,79.1,90.6,28.875,5.5,–
W33X152,152.0,44.9,33.5,11.6,0.635,1.06,1.76,1.5,8160.0,559.0,487.0,13.5,273.0,73.9,47.2,2.47,12.4,71700.0,94.1,289.0,94.3,278.0,3.01,32.4,99.4,111.0,78.6,90.2,28.875,5.5,–
W33X141,141.0,41.5,33.3,11.5,0.605,0.96,1.66,1.5,7450.0,514.0,448.0,13.4,246.0,66.9,42.7,2.43,9.7,64400.0,93.0,257.0,84.6,253.0,2.98,32.3,98.5,110.0,78.1,89.6,28.875,5.5,–
W33X130,130.0,38.3,33.1,11.5,0.58,0.855,1.56,1.5,6710.0,467.0,406.0,13.2,218.0,59.5,37.9,2.39,7.37,56600.0,92.7,228.0,75.3,230.0,2.94,32.2,98.5,110.0,77.7,89.2,28.875,5.5,–
W33X118,118.0,34.7,32.9,11.5,0.55,0.74,1.44,1.5,5900.0,415.0,359.0,13.0,187.0,51.3,32.6,2.32,5.3,48300.0,92.5,197.0,65.1,205.0,2.89,32.2,97.5,109.0,77.3,88.8,28.875,5.5,–
W30X391,391.0,115.0,33.2,15.6,1.36,2.44,3.23,1.875,20700.0,1450.0,1250.0,13.4,1550.0,310.0,198.0,3.67,173.0,366000.0,120.0,1140.0,267.0,722.0,4.37,30.8,109.0,125.0,82.0,97.6,25.75,5.5,3
W30X357,357.0,105.0,32.8,15.5,1.24,2.24,3.03,1.8125,18700.0,1320.0,1140.0,13.3,1390.0,279.0,179.0,3.64,134.0,324000.0,118.0,1030.0,244.0,655.0,4.31,30.6,108.0,124.0,81.1,96.6,25.75,5.5,3
W30X326,326.0,95.9,32.4,15.4,1.14,2.05,2.84,1.75,16800.0,1190.0,1040.0,13.2,1240.0,252.0,162.0,3.6,103.0,287000.0,117.0,922.0,222.0,593.0,4.26,30.4,108.0,123.0,80.2,95.6,25.75,5.5,3
W30X292,292.0,86.0,32.0,15.3,1.02,1.85,2.64,1.75,14900.0,1060.0,930.0,13.2,1100.0,223.0,144.0,3.58,75.2,250000.0,115.0,816.0,199.0,529.0,4.22,30.2,107.0,122.0,79.3,94.6,25.75,5.5,3
W30X261,261.0,77.0,31.6,15.2,0.93,1.65,2.44,1.6875,13100.0,943.0,829.0,13.1,959.0,196.0,127.0,3.53,54.1,215000.0,114.0,714.0,176.0,469.0,4.16,30.0,106.0,121.0,78.4,93.6,25.75,5.5,3
W30X235,235.0,69.3,31.3,15.1,0.83,1.5,2.29,1.625,11700.0,847.0,748.0,13.0,855.0,175.0,114.0,3.51,40.3,190000.0,112.0,637.0,159.0,421.0,4.13,29.8,105.0,120.0,77.7,92.8,25.75,5.5,3
W30X211,211.0,62.3,30.9,15.1,0.775,1.32,2.1,1.625,10300.0,751.0,665.0,12.9,757.0,155.0,100.0,3.49,28.4,166000.0,112.0,556.0,140.0,372.0,4.11,29.6,104.0,119.0,76.9,92.0,25.75,5.5,3
W30X191,191.0,56.1,30.7,15.0,0.71,1.19,1.97,1.5625,9200.0,675.0,600.0,12.8,673.0,138.0,89.5,3.46,21.0,146000.0,111.0,494.0,125.0,335.0,4.06,29.5,104.0,119.0,76.4,91.4,25.75,5.5,3
W30X173,173.0,50.9,30.4,15.0,0.655,1.07,1.85,1.5625,8230.0,607.0,541.0,12.7,598.0,123.0,79.8,3.42,15.6,129000.0,110.0,441.0,113.0,301.0,4.03,29.3,103.0,118.0,75.8,90.8,25.75,5.5,3
W30X148,148.0,43.6,30.7,10.5,0.65,1.18,1.83,1.5625,6680.0,500.0,436.0,12.4,227.0,68.0,43.3,2.28,14.5,49400.0,77.5,240.0,85.8,248.0,2.77,29.5,90.5,101.0,71.9,82.4,25.75,5.5,–
W30X132,132.0,38.8,30.3,10.5,0.615,1.0,1.65,1.5,5770.0,437.0,380.0,12.2,196.0,58.4,37.2,2.25,9.72,42100.0,76.9,202.0,72.4,215.0,2.75,29.3,89.5,100.0,71.1,81.6,25.75,5.5,–
W30X124,124.0,36.5,30.2,10.5,0.585,0.93,1.58,1.5,5360.0,408.0,355.0,12.1,181.0,54.0,34.4,2.23,7.99,38600.0,76.8,188.0,67.5,202.0,2.73,29.3,89.5,100.0,70.9,81.4,25.75,5.5,–
W30X116,116.0,34.2,30.0,10.5,0.565,0.85,1.5,1.5,4930.0,378.0,329.0,12.0,164.0,49.2,31.3,2.19,6.43,34900.0,76.5,171.0,61.5,187.0,2.7,29.2,89.3,99.8,70.5,81.0,25.75,5.5,–
W30X108,108.0,31.7,29.8,10.5,0.545,0.76,1.41,1.5,4470.0,346.0,299.0,11.9,146.0,43.9,27.9,2.15,4.99,30900.0,76.2,152.0,54.9,170.0,2.67,29.0,88.9,99.4,70.1,80.6,25.75,5.5,–
W30X99,99.0,29.0,29.7,10.5,0.52,0.67,1.32,1.5,3990.0,312.0,269.0,11.7,128.0,38.6,24.5,2.1,3.77,26800.0,76.2,134.0,48.5,154.0,2.62,29.0,88.7,99.2,69.9,80.4,25.75,5.5,–
W30X90,90.0,26.3,29.5,10.4,0.47,0.61,1.26,1.4375,3610.0,283.0,245.0,11.7,115.0,34.7,22.1,2.09,2.84,24000.0,75.1,119.0,43.7,139.0,2.6,28.9,88.1,98.5,69.4,79.8,25.75,5.5,–
W27X539,539.0,159.0,32.5,15.3,1.97,3.54,4.33,1.8125,25600.0,1890.0,1570.0,12.7,2110.0,437.0,277.0,3.65,496.0,443000.0,111.0,1500.0,342.0,943.0,4.41,29.0,106.0,121.0,80.3,95.6,23.0,5.5,–
W27X368,368.0,109.0,30.4,14.7,1.38,2.48,3.27,1.875,16200.0,1240.0,1060.0,12.2,1310.0,279.0,179.0,3.48,170.0,255000.0,103.0,935.0,231.0,621.0,4.15,27.9,100.0,115.0,75.5,90.2,23.0,5.5,–
W27X336,336.0,99.2,30.0,14.6,1.26,2.28,3.07,1.8125,14600.0,1130.0,972.0,12.1,1180.0,252.0,162.0,3.45,131.0,226000.0,101.0,842.0,211.0,563.0,4.1,27.7,100.0,115.0,74.6,89.2,23.0,5.5,–
W27X307,307.0,90.2,29.6,14.4,1.16,2.09,2.88,1.8125,13100.0,1030.0,887.0,12.0,1050.0,227.0,146.0,3.41,101.0,199000.0,99.0,745.0,190.0,508.0,4.04,27.5,98.6,113.0,73.6,88.0,23.0,5.5,–
W27X281,281.0,83.1,29.3,14.4,1.06,1.93,2.72,1.75,11900.0,936.0,814.0,12.0,953.0,206.0,133.0,3.39,79.5,178000.0,98.5,685.0,176.0,466.0,4.0,27.4,98.6,113.0,73.0,87.4,23.0,5.5,–
W27X258,258.0,76.1,29.0,14.3,0.98,1.77,2.56,1.6875,10800.0,852.0,745.0,11.9,859.0,187.0,120.0,3.36,61.6,159000.0,97.3,616.0,160.0,424.0,3.96,27.2,97.7,112.0,72.3,86.6,23.0,5.5,–
W27X235,235.0,69.4,28.7,14.2,0.91,1.61,2.4,1.6875,9700.0,772.0,677.0,11.8,769.0,168.0,108.0,3.33,47.0,141000.0,96.2,550.0,145.0,384.0,3.92,27.1,96.8,111.0,71.6,85.8,23.0,5.5,–
W27X217,217.0,63.9,28.4,14.1,0.83,1.5,2.29,1.625,8910.0,711.0,627.0,11.8,704.0,154.0,100.0,3.32,37.6,128000.0,94.8,501.0,134.0,351.0,3.89,26.9,95.9,110.0,70.9,85.0,23.0,5.5,–
W27X194,194.0,57.1,28.1,14.0,0.75,1.34,2.13,1.5625,7860.0,631.0,559.0,11.7,619.0,136.0,88.1,3.29,27.1,111000.0,93.7,439.0,119.0,312.0,3.85,26.8,95.0,109.0,70.2,84.2,23.0,5.5,–
W27X178,178.0,52.5,27.8,14.1,0.725,1.19,1.98,1.5625,7020.0,570.0,505.0,11.6,555.0,122.0,78.8,3.25,20.1,98400.0,93.8,393.0,106.0,282.0,3.83,26.6,94.9,109.0,69.7,83.8,23.0,5.5,–
W27X161,161.0,47.6,27.6,14.0,0.66,1.08,1.87,1.5625,6310.0,515.0,458.0,11.5,497.0,109.0,70.9,3.23,15.1,87300.0,92.8,351.0,95.5,254.0,3.79,26.5,95.0,109.0,69.2,83.2,23.0,5.5,–
W27X146,146.0,43.2,27.4,14.0,0.605,0.975,1.76,1.5,5660.0,464.0,414.0,11.5,443.0,97.7,63.5,3.2,11.3,77200.0,92.5,316.0,86.3,229.0,3.76,26.4,94.0,108.0,68.8,82.8,23.0,5.5,–
W27X129,129.0,37.8,27.6,10.0,0.61,1.1,1.7,1.5,4760.0,395.0,345.0,11.2,184.0,57.6,36.8,2.21,11.1,32500.0,66.3,182.0,68.4,195.0,2.66,26.5,83.0,93.0,65.2,75.2,23.0,5.5,–
W27X114,114.0,33.6,27.3,10.1,0.57,0.93,1.53,1.5,4080.0,343.0,299.0,11.0,159.0,49.3,31.5,2.18,7.33,27600.0,66.6,156.0,58.4,170.0,2.65,26.4,82.7,92.8,64.7,74.8,23.0,5.5,–
W27X102,102.0,30.0,27.1,10.0,0.515,0.83,1.43,1.4375,3620.0,305.0,267.0,11.0,139.0,43.4,27.8,2.15,5.28,24000.0,65.7,136.0,51.7,151.0,2.62,26.3,82.1,92.1,64.2,74.2,23.0,5.5,–
W27X94,94.0,27.6,26.9,10.0,0.49,0.745,1.34,1.4375,3270.0,278.0,243.0,10.9,124.0,38.8,24.8,2.12,4.03,21300.0,65.4,122.0,46.3,137.0,2.59,26.2,81.8,91.8,63.8,73.8,23.0,5.5,–
W27X84,84.0,24.7,26.7,10.0,0.46,0.64,1.24,1.4375,2850.0,244.0,213.0,10.7,106.0,33.2,21.2,2.07,2.81,17900.0,65.2,104.0,39.8,121.0,2.54,26.1,81.5,91.5,63.4,73.4,23.0,5.5,–
W24X370,370.0,109.0,28.0,13.7,1.52,2.72,3.22,2.0,13400.0,1130.0,957.0,11.1,1160.0,267.0,170.0,3.27,201.0,186000.0,86.6,807.0,209.0,568.0,3.92,25.3,93.3,107.0,69.7,83.4,20.0,5.5,–
W24X335,335.0,98.3,27.5,13.5,1.38,2.48,2.98,1.875,11900.0,1020.0,864.0,11.0,1030.0,238.0,152.0,3.23,152.0,161000.0,84.4,707.0,188.0,506.0,3.86,25.0,91.5,105.0,68.5,82.0,20.0,5.5,–
W24X306,306.0,89.7,27.1,13.4,1.26,2.28,2.78,1.8125,10700.0,922.0,789.0,10.9,919.0,214.0,137.0,3.2,117.0,142000.0,83.1,635.0,172.0,459.0,3.81,24.8,90.6,104.0,67.6,81.0,20.0,5.5,–
W24X279,279.0,81.9,26.7,13.3,1.16,2.09,2.59,1.8125,9600.0,835.0,718.0,10.8,823.0,193.0,124.0,3.17,90.5,125000.0,81.8,569.0,156.0,416.0,3.76,24.6,89.7,103.0,66.7,80.0,20.0,5.5,–
W24X250,250.0,73.5,26.3,13.2,1.04,1.89,2.39,1.75,8490.0,744.0,644.0,10.7,724.0,171.0,110.0,3.14,66.6,108000.0,80.6,502.0,140.0,370.0,3.71,24.4,88.8,102.0,65.8,79.0,20.0,5.5,–
W24X229,229.0,67.2,26.0,13.1,0.96,1.73,2.23,1.6875,7650.0,675.0,588.0,10.7,651.0,154.0,99.4,3.11,51.3,96100.0,79.5,450.0,127.0,336.0,3.67,24.3,88.9,102.0,65.1,78.2,20.0,5.5,–
W24X207,207.0,60.7,25.7,13.0,0.87,1.57,2.07,1.625,6820.0,606.0,531.0,10.6,578.0,137.0,88.8,3.08,38.3,84100.0,78.4,400.0,115.0,302.0,3.62,24.1,88.0,101.0,64.4,77.4,20.0,5.5,–
W24X192,192.0,56.5,25.5,13.0,0.81,1.46,1.96,1.625,6260.0,559.0,491.0,10.5,530.0,126.0,81.8,3.07,30.8,76300.0,78.1,371.0,107.0,280.0,3.6,24.0,88.0,101.0,64.0,77.0,20.0,5.5,–
W24X176,176.0,51.7,25.2,12.9,0.75,1.34,1.84,1.5625,5680.0,511.0,450.0,10.5,479.0,115.0,74.3,3.04,23.9,68400.0,76.9,333.0,97.1,254.0,3.57,23.9,86.7,99.6,63.3,76.2,20.0,5.5,–
W24X162,162.0,47.8,25.0,13.0,0.705,1.22,1.72,1.5625,5170.0,468.0,414.0,10.4,443.0,105.0,68.4,3.05,18.5,62600.0,77.3,306.0,89.2,233.0,3.57,23.8,86.7,99.7,63.0,76.0,20.0,5.5,–
W24X146,146.0,43.0,24.7,12.9,0.65,1.09,1.59,1.5625,4580.0,418.0,371.0,10.3,391.0,93.2,60.5,3.01,13.4,54600.0,76.1,268.0,78.8,207.0,3.53,23.6,85.9,98.8,62.3,75.2,20.0,5.5,–
W24X131,131.0,38.6,24.5,12.9,0.605,0.96,1.46,1.5,4020.0,370.0,329.0,10.2,340.0,81.5,53.0,2.97,9.5,47100.0,75.9,235.0,69.5,184.0,3.49,23.5,85.6,98.5,61.9,74.8,20.0,5.5,–
W24X117,117.0,34.4,24.3,12.8,0.55,0.85,1.35,1.5,3540.0,327.0,291.0,10.1,297.0,71.4,46.5,2.94,6.72,40800.0,75.0,204.0,61.0,163.0,3.46,23.5,85.0,97.8,61.4,74.2,20.0,5.5,–
W24X104,104.0,30.7,24.1,12.8,0.5,0.75,1.25,1.4375,3100.0,289.0,258.0,10.1,259.0,62.4,40.7,2.91,4.72,35200.0,74.7,179.0,53.9,144.0,3.42,23.4,84.7,97.5,61.0,73.8,20.0,5.5,–
W24X103,103.0,30.3,24.5,9.0,0.55,0.98,1.48,1.5,3000.0,280.0,245.0,10.0,119.0,41.5,26.5,1.99,7.07,16600.0,52.9,117.0,48.7,139.0,2.4,23.5,74.0,83.0,58.0,67.0,20.0,5.5,–
W24X94,94.0,27.7,24.3,9.07,0.515,0.875,1.38,1.4375,2700.0,254.0,222.0,9.87,109.0,37.5,24.0,1.98,5.26,15000.0,53.1,105.0,43.8,126.0,2.4,23.4,73.9,83.0,57.7,66.7,20.0,5.5,–
W24X84,84.0,24.7,24.1,9.02,0.47,0.77,1.27,1.4375,2370.0,224.0,196.0,9.79,94.4,32.6,20.9,1.95,3.7,12800.0,52.6,91.3,38.4,111.0,2.37,23.3,73.5,82.5,57.2,66.2,20.0,5.5,–
W24X76,76.0,22.4,23.9,8.99,0.44,0.68,1.18,1.4375,2100.0,200.0,176.0,9.69,82.5,28.6,18.4,1.92,2.68,11100.0,52.2,79.8,33.8,98.9,2.33,23.2,73.0,82.0,56.8,65.8,20.0,5.5,–
W24X68,68.0,20.1,23.7,8.97,0.415,0.585,1.09,1.4375,1830.0,177.0,154.0,9.55,70.4,24.5,15.7,1.87,1.87,9430.0,51.8,68.0,28.9,87.0,2.3,23.1,72.6,81.6,56.4,65.3,20.0,5.5,–
W24X62,62.0,18.2,23.7,7.04,0.43,0.59,1.09,1.0625,1550.0,153.0,131.0,9.23,34.5,15.7,9.8,1.38,1.71,4620.0,40.7,42.2,22.5,75.3,1.75,23.1,66.8,73.8,54.4,61.5,20.75,3.5,–
W24X55,55.0,16.2,23.6,7.01,0.395,0.505,1.01,1.0,1350.0,134.0,114.0,9.11,29.1,13.3,8.3,1.34,1.18,3870.0,40.5,35.8,19.3,66.1,1.72,23.1,66.6,73.6,54.2,61.2,20.75,3.5,–
W21X275,275.0,81.8,24.1,12.9,1.22,2.19,3.37,1.8125,7690.0,749.0,638.0,9.7,787.0,191.0,122.0,3.1,107.0,94400.0,70.7,499.0,140.0,369.0,3.68,21.9,82.4,95.3,61.1,74.0,17.25,5.5,–
W21X248,248.0,73.8,23.7,12.8,1.1,1.99,3.17,1.75,6830.0,671.0,576.0,9.62,699.0,170.0,109.0,3.08,80.7,82400.0,69.5,442.0,126.0,330.0,3.63,21.7,81.6,94.4,60.2,73.0,17.25,5.5,–
W21X223,223.0,66.5,23.4,12.7,1.0,1.79,2.97,1.6875,6080.0,601.0,520.0,9.56,614.0,150.0,96.7,3.04,59.5,71700.0,68.6,390.0,113.0,295.0,3.57,21.6,80.9,93.6,59.5,72.2,17.25,5.5,–
W21X201,201.0,59.3,23.0,12.6,0.91,1.63,2.13,1.6875,5310.0,530.0,461.0,9.47,542.0,133.0,86.1,3.02,40.9,62000.0,67.3,346.0,102.0,264.0,3.55,21.4,81.1,93.7,58.6,71.2,17.25,5.5,–
W21X182,182.0,53.6,22.7,12.5,0.83,1.48,1.98,1.625,4730.0,476.0,417.0,9.4,483.0,119.0,77.2,3.0,30.7,54400.0,66.3,307.0,91.6,237.0,3.51,21.2,80.4,92.9,57.9,70.4,17.25,5.5,–
W21X166,166.0,48.8,22.5,12.4,0.75,1.36,1.86,1.5625,4280.0,432.0,380.0,9.36,435.0,108.0,70.0,2.99,23.6,48500.0,65.5,276.0,83.7,215.0,3.48,21.1,79.8,92.2,57.4,69.8,17.25,5.5,–
W21X147,147.0,43.2,22.1,12.5,0.72,1.15,1.65,1.5625,3630.0,373.0,329.0,9.17,376.0,92.6,60.1,2.95,15.4,41100.0,65.5,235.0,71.0,186.0,3.46,21.0,79.4,91.9,56.7,69.2,17.25,5.5,–
W21X132,132.0,38.8,21.8,12.4,0.65,1.04,1.54,1.5625,3220.0,333.0,295.0,9.12,333.0,82.3,53.5,2.93,11.3,36000.0,64.4,206.0,62.8,164.0,3.43,20.8,78.6,91.0,56.0,68.4,17.25,5.5,–
W21X122,122.0,35.9,21.7,12.4,0.6,0.96,1.46,1.5,2960.0,307.0,273.0,9.09,305.0,75.6,49.2,2.92,8.98,32700.0,64.3,191.0,58.7,153.0,3.4,20.7,78.5,90.9,55.8,68.2,17.25,5.5,–
W21X111,111.0,32.6,21.5,12.3,0.55,0.875,1.38,1.5,2670.0,279.0,249.0,9.05,274.0,68.2,44.5,2.9,6.83,29200.0,63.4,171.0,53.0,138.0,3.37,20.6,77.9,90.2,55.3,67.6,17.25,5.5,–
W21X101,101.0,29.8,21.4,12.3,0.5,0.8,1.3,1.4375,2420.0,253.0,227.0,9.02,248.0,61.7,40.3,2.89,5.21,26200.0,63.3,156.0,48.6,126.0,3.35,20.6,77.8,90.1,55.1,67.4,17.25,5.5,–
W21X93,93.0,27.3,21.6,8.42,0.58,0.93,1.43,0.9375,2070.0,221.0,192.0,8.7,92.9,34.7,22.1,1.84,6.03,9940.0,43.5,85.2,37.7,109.0,2.24,20.7,66.5,74.9,51.6,60.0,18.375,5.5,–
W21X83,83.0,24.4,21.4,8.36,0.515,0.835,1.34,0.875,1830.0,196.0,171.0,8.67,81.4,30.5,19.5,1.83,4.34,8630.0,43.0,75.0,33.7,96.8,2.21,20.6,66.0,74.4,51.2,59.5,18.375,5.5,–
W21X73,73.0,21.5,21.2,8.3,0.455,0.74,1.24,0.875,1600.0,172.0,151.0,8.64,70.6,26.6,17.0,1.81,3.02,7410.0,42.5,65.2,29.7,85.0,2.19,20.5,65.5,73.8,50.7,59.0,18.375,5.5,–
W21X68,68.0,20.0,21.1,8.27,0.43,0.685,1.19,0.875,1480.0,160.0,140.0,8.6,64.7,24.4,15.7,1.8,2.45,6760.0,42.2,59.8,27.4,78.7,2.17,20.4,65.3,73.6,50.5,58.7,18.375,5.5,–
W21X62,62.0,18.3,21.0,8.24,0.4,0.615,1.12,0.8125,1330.0,144.0,127.0,8.54,57.5,21.7,14.0,1.77,1.83,5960.0,42.0,53.2,24.6,71.2,2.15,20.4,65.1,73.3,50.2,58.5,18.375,5.5,–
W21X55,55.0,16.2,20.8,8.22,0.375,0.522,1.02,0.8125,1140.0,126.0,110.0,8.4,48.4,18.4,11.8,1.73,1.24,4980.0,41.7,44.7,20.8,61.8,2.11,20.3,64.7,72.9,49.8,58.0,18.375,5.5,–
W21X48,48.0,14.1,20.6,8.14,0.35,0.43,0.93,0.8125,959.0,107.0,93.0,8.24,38.7,14.9,9.52,1.66,0.803,3950.0,41.0,35.9,16.9,52.3,2.05,20.2,64.1,72.2,49.3,57.5,18.375,5.5,–
W21X57,57.0,16.7,21.1,6.56,0.405,0.65,1.15,0.8125,1170.0,129.0,111.0,8.36,30.6,14.8,9.35,1.35,1.77,3190.0,33.5,35.8,20.5,63.4,1.68,20.5,60.2,66.8,48.8,55.3,18.375,3.5,–
W21X50,50.0,14.7,20.8,6.53,0.38,0.535,1.04,0.8125,984.0,110.0,94.5,8.18,24.9,12.2,7.64,1.3,1.14,2570.0,33.1,28.9,16.7,53.9,1.64,20.3,59.6,66.1,48.1,54.7,18.375,3.5,–
W21X44,44.0,13.0,20.7,6.5,0.35,0.45,0.95,0.8125,843.0,95.4,81.6,8.06,20.7,10.2,6.37,1.26,0.77,2110.0,32.9,24.1,14.0,46.8,1.6,20.3,59.3,65.8,47.9,54.4,18.375,3.5,–
W18X311,311.0,91.6,22.3,12.0,1.52,2.74,3.24,1.5625,6970.0,754.0,624.0,8.72,795.0,207.0,132.0,2.95,176.0,76200.0,58.7,482.0,140.0,375.0,3.53,19.6,76.7,88.7,56.6,68.6,15.125,5.5,–
W18X283,283.0,83.3,21.9,11.9,1.4,2.5,3.0,1.5,6170.0,676.0,565.0,8.61,704.0,185.0,118.0,2.91,134.0,65900.0,57.7,429.0,127.0,339.0,3.47,19.4,75.8,87.7,55.7,67.6,15.125,5.5,–
W18X258,258.0,76.0,21.5,11.8,1.28,2.3,2.7,1.4375,5510.0,611.0,514.0,8.53,628.0,166.0,107.0,2.88,103.0,57600.0,56.6,384.0,116.0,306.0,3.42,19.2,75.1,86.9,54.8,66.6,15.125,5.5,–
W18X234,234.0,68.6,21.1,11.7,1.16,2.11,2.51,1.375,4900.0,549.0,466.0,8.44,558.0,149.0,95.8,2.85,78.7,50100.0,55.5,343.0,106.0,276.0,3.37,19.0,74.3,86.0,53.9,65.6,15.125,5.5,–
W18X211,211.0,62.3,20.7,11.6,1.06,1.91,2.31,1.375,4330.0,490.0,419.0,8.35,493.0,132.0,85.3,2.82,58.6,43400.0,54.5,302.0,94.6,246.0,3.32,18.8,73.4,85.0,53.0,64.6,15.125,5.5,–
W18X192,192.0,56.2,20.4,11.5,0.96,1.75,2.15,1.3125,3870.0,442.0,380.0,8.28,440.0,119.0,76.8,2.79,44.7,38000.0,53.6,270.0,86.0,222.0,3.28,18.7,72.7,84.2,52.3,63.8,15.125,5.5,–
W18X175,175.0,51.4,20.0,11.4,0.89,1.59,1.99,1.25,3450.0,398.0,344.0,8.2,391.0,106.0,68.8,2.76,33.8,33300.0,52.5,238.0,76.9,198.0,3.24,18.4,71.7,83.1,51.4,62.8,15.125,5.5,–
W18X158,158.0,46.3,19.7,11.3,0.81,1.44,1.84,1.25,3060.0,356.0,310.0,8.12,347.0,94.8,61.4,2.74,25.2,29000.0,51.6,210.0,69.0,177.0,3.2,18.3,71.0,82.3,50.7,62.0,15.125,5.5,–
W18X143,143.0,42.0,19.5,11.2,0.73,1.32,1.72,1.1875,2750.0,322.0,282.0,8.09,311.0,85.4,55.5,2.72,19.2,25700.0,50.9,188.0,62.8,160.0,3.17,18.2,70.4,81.6,50.2,61.4,15.125,5.5,–
W18X130,130.0,38.3,19.3,11.2,0.67,1.2,1.6,1.1875,2460.0,290.0,256.0,8.03,278.0,76.7,49.9,2.7,14.5,22700.0,50.7,170.0,57.2,146.0,3.13,18.1,70.2,81.4,49.8,61.0,15.125,5.5,–
W18X119,119.0,35.1,19.0,11.3,0.655,1.06,1.46,1.1875,2190.0,262.0,231.0,7.9,253.0,69.1,44.9,2.69,10.6,20300.0,50.7,152.0,50.6,131.0,3.13,17.9,69.9,81.2,49.3,60.6,15.125,5.5,–
W18X106,106.0,31.1,18.7,11.2,0.59,0.94,1.34,1.125,1910.0,230.0,204.0,7.84,220.0,60.5,39.4,2.66,7.48,17400.0,49.7,131.0,44.3,114.0,3.1,17.8,69.1,80.3,48.6,59.8,15.125,5.5,–
W18X97,97.0,28.5,18.6,11.1,0.535,0.87,1.27,1.125,1750.0,211.0,188.0,7.82,201.0,55.3,36.1,2.65,5.86,15800.0,49.2,119.0,40.7,105.0,3.08,17.7,68.7,79.8,48.3,59.4,15.125,5.5,–
W18X86,86.0,25.3,18.4,11.1,0.48,0.77,1.17,1.0625,1530.0,186.0,166.0,7.77,175.0,48.4,31.6,2.63,4.1,13600.0,48.9,105.0,36.0,92.4,3.05,17.6,68.4,79.5,47.9,59.0,15.125,5.5,–
W18X76,76.0,22.3,18.2,11.0,0.425,0.68,1.08,1.0625,1330.0,163.0,146.0,7.73,152.0,42.2,27.6,2.61,2.83,11700.0,48.2,90.1,31.5,80.6,3.02,17.5,67.9,78.9,47.4,58.4,15.125,5.5,–
W18X71,71.0,20.9,18.5,7.64,0.495,0.81,1.21,0.875,1170.0,146.0,127.0,7.5,60.3,24.7,15.8,1.7,3.49,4700.0,33.8,52.3,25.6,72.4,2.05,17.7,58.3,65.9,44.6,52.3,15.5,3.5,–
W18X65,65.0,19.1,18.4,7.59,0.45,0.75,1.15,0.875,1070.0,133.0,117.0,7.49,54.8,22.5,14.4,1.69,2.73,4240.0,33.5,47.7,23.6,66.3,2.03,17.7,58.0,65.6,44.4,52.0,15.5,3.5,–
W18X60,60.0,17.6,18.2,7.56,0.415,0.695,1.1,0.8125,984.0,123.0,108.0,7.47,50.1,20.6,13.3,1.68,2.17,3850.0,33.1,43.5,21.7,60.6,2.02,17.5,57.5,65.1,44.0,51.5,15.5,3.5,–
W18X55,55.0,16.2,18.1,7.53,0.39,0.63,1.03,0.8125,890.0,112.0,98.3,7.41,44.9,18.5,11.9,1.67,1.66,3430.0,32.9,39.0,19.6,55.3,2.0,17.5,57.3,64.8,43.7,51.3,15.5,3.5,–
W18X50,50.0,14.7,18.0,7.5,0.355,0.57,0.972,0.8125,800.0,101.0,88.9,7.38,40.1,16.6,10.7,1.65,1.24,3040.0,32.7,34.9,17.7,49.9,1.98,17.4,57.1,64.6,43.5,51.0,15.5,3.5,–
W18X46,46.0,13.5,18.1,6.06,0.36,0.605,1.01,0.8125,712.0,90.7,78.8,7.25,22.5,11.7,7.43,1.29,1.22,1720.0,26.5,24.3,15.1,44.9,1.58,17.5,52.9,59.0,42.3,48.3,15.5,3.5,–
W18X40,40.0,11.8,17.9,6.02,0.315,0.525,0.927,0.8125,612.0,78.4,68.4,7.21,19.1,10.0,6.35,1.27,0.81,1440.0,26.1,20.7,13.0,38.6,1.56,17.4,52.6,58.6,41.8,47.8,15.5,3.5,–
W18X35,35.0,10.3,17.7,6.0,0.3,0.425,0.827,0.75,510.0,66.5,57.6,7.04,15.3,8.06,5.12,1.22,0.506,1140.0,25.9,16.5,10.5,32.7,1.51,17.3,52.1,58.1,41.4,47.4,15.5,3.5,–
W16X100,100.0,29.4,17.0,10.4,0.585,0.985,1.39,1.125,1490.0,198.0,175.0,7.1,186.0,54.9,35.7,2.51,7.73,11900.0,41.6,107.0,38.7,98.5,2.92,16.0,63.3,73.7,44.4,54.8,13.25,5.5,–
W16X89,89.0,26.2,16.8,10.4,0.525,0.875,1.28,1.0625,1300.0,175.0,155.0,7.05,163.0,48.1,31.4,2.49,5.45,10200.0,41.4,94.2,34.4,87.3,2.88,15.9,63.1,73.5,44.0,54.4,13.25,5.5,–
W16X77,77.0,22.6,16.5,10.3,0.455,0.76,1.16,1.0625,1110.0,150.0,134.0,7.0,138.0,41.1,26.9,2.47,3.57,8590.0,40.5,79.3,29.4,74.4,2.85,15.7,62.3,72.6,43.3,53.6,13.25,5.5,–
W16X67,67.0,19.6,16.3,10.2,0.395,0.665,1.07,1.0,954.0,130.0,117.0,6.96,119.0,35.5,23.2,2.46,2.39,7300.0,39.9,67.6,25.5,64.1,2.82,15.6,61.7,71.9,42.8,53.0,13.25,5.5,–
W16X57,57.0,16.8,16.4,7.12,0.43,0.715,1.12,0.875,758.0,105.0,92.2,6.72,43.1,18.9,12.1,1.6,2.22,2660.0,27.9,35.5,18.8,52.0,1.92,15.7,52.6,59.7,39.9,47.0,13.625,3.5,–
W16X50,50.0,14.7,16.3,7.07,0.38,0.63,1.03,0.8125,659.0,92.0,81.0,6.68,37.2,16.3,10.5,1.59,1.52,2270.0,27.7,30.8,16.5,45.6,1.89,15.7,52.3,59.4,39.7,46.7,13.625,3.5,–
W16X45,45.0,13.3,16.1,7.04,0.345,0.565,0.967,0.8125,586.0,82.3,72.7,6.65,32.8,14.5,9.34,1.57,1.11,1990.0,27.3,27.2,14.7,40.6,1.87,15.5,52.0,59.0,39.2,46.3,13.625,3.5,–
W16X40,40.0,11.8,16.0,7.0,0.305,0.505,0.907,0.8125,518.0,73.0,64.7,6.63,28.9,12.7,8.25,1.57,0.794,1730.0,27.1,24.0,13.1,36.0,1.86,15.5,51.7,58.7,39.0,46.0,13.625,3.5,–
W16X36,36.0,10.6,15.9,6.99,0.295,0.43,0.832,0.75,448.0,64.0,56.5,6.51,24.5,10.8,7.0,1.52,0.545,1460.0,27.0,20.3,11.1,31.6,1.83,15.5,51.5,58.5,38.8,45.8,13.625,3.5,–
W16X31,31.0,9.13,15.9,5.53,0.275,0.44,0.842,0.75,375.0,54.0,47.2,6.41,12.4,7.03,4.49,1.17,0.461,739.0,21.4,13.0,8.94,26.6,1.42,15.5,47.2,52.7,37.3,42.9,13.625,3.5,–
W16X26,26.0,7.68,15.7,5.5,0.25,0.345,0.747,0.75,301.0,44.2,38.4,6.26,9.59,5.48,3.49,1.12,0.262,565.0,21.1,10.0,6.95,21.6,1.38,15.4,46.7,52.2,36.9,42.4,13.625,3.5,–
W14X873,873.0,257.0,23.6,18.8,3.94,5.51,6.1,2.5625,18100.0,2030.0,1530.0,8.39,6170.0,1020.0,656.0,4.9,2270.0,505000.0,85.0,2200.0,370.0,1010.0,6.04,18.1,95.2,114.0,66.0,84.8,11.25,8.5,3
W14X808,808.0,238.0,22.8,18.6,3.74,5.12,5.71,2.5,15900.0,1830.0,1390.0,8.17,5550.0,930.0,597.0,4.83,1840.0,434000.0,82.2,1960.0,336.0,916.0,5.94,17.7,93.4,112.0,64.2,82.8,11.25,8.5,3
W14X730,730.0,215.0,22.4,17.9,3.07,4.91,5.51,2.75,14300.0,1660.0,1280.0,8.17,4720.0,816.0,527.0,4.69,1450.0,362000.0,78.3,1720.0,318.0,829.0,5.68,17.5,91.1,109.0,62.7,80.6,10.0,7.5,3
W14X665,665.0,196.0,21.6,17.7,2.83,4.52,5.12,2.625,12400.0,1480.0,1150.0,7.98,4170.0,730.0,472.0,4.62,1120.0,305000.0,75.6,1510.0,287.0,739.0,5.57,17.1,89.3,107.0,60.9,78.6,10.0,7.5,3
W14X605,605.0,178.0,20.9,17.4,2.6,4.16,4.76,2.5,10800.0,1320.0,1040.0,7.8,3680.0,652.0,423.0,4.55,869.0,258000.0,72.8,1320.0,258.0,657.0,5.44,16.7,87.6,105.0,59.2,76.6,10.0,7.5,3
W14X550,550.0,162.0,20.2,17.2,2.38,3.82,4.42,2.375,9430.0,1180.0,931.0,7.63,3250.0,583.0,378.0,4.49,669.0,219000.0,70.4,1160.0,232.0,585.0,5.35,16.4,85.8,103.0,57.6,74.8,10.0,7.5,3
W14X500,500.0,147.0,19.6,17.0,2.19,3.5,4.1,2.3125,8210.0,1050.0,838.0,7.48,2880.0,522.0,339.0,4.43,514.0,187000.0,68.4,1020.0,209.0,522.0,5.26,16.1,85.0,102.0,56.2,73.2,10.0,7.5,3
W14X455,455.0,134.0,19.0,16.8,2.02,3.21,3.81,2.25,7190.0,936.0,756.0,7.33,2560.0,468.0,304.0,4.38,395.0,160000.0,66.3,894.0,187.0,466.0,5.17,15.8,83.2,100.0,54.8,71.6,10.0,7.5,3
W14X426,426.0,125.0,18.7,16.7,1.88,3.04,3.63,2.125,6600.0,869.0,706.0,7.26,2360.0,434.0,283.0,4.34,331.0,144000.0,65.4,830.0,176.0,435.0,5.11,15.7,82.7,99.4,54.1,70.8,10.0,7.5,3
W14X398,398.0,117.0,18.3,16.6,1.77,2.85,3.44,2.125,6000.0,801.0,656.0,7.16,2170.0,402.0,262.0,4.31,273.0,129000.0,64.1,758.0,163.0,401.0,5.05,15.5,81.8,98.4,53.2,69.8,10.0,7.5,3
W14X370,370.0,109.0,17.9,16.5,1.66,2.66,3.26,2.0625,5440.0,736.0,607.0,7.07,1990.0,370.0,241.0,4.27,222.0,116000.0,62.9,690.0,150.0,367.0,5.0,15.2,81.0,97.5,52.3,68.8,10.0,7.5,3
W14X342,342.0,101.0,17.5,16.4,1.54,2.47,3.07,2.0,4900.0,672.0,558.0,6.98,1810.0,338.0,221.0,4.24,178.0,103000.0,61.6,624.0,138.0,335.0,4.95,15.0,80.1,96.5,51.4,67.8,10.0,7.5,3
W14X311,311.0,91.4,17.1,16.2,1.41,2.26,2.86,1.9375,4330.0,603.0,506.0,6.88,1610.0,304.0,199.0,4.2,136.0,89100.0,60.1,550.0,124.0,300.0,4.87,14.8,79.0,95.2,50.4,66.6,10.0,7.5,3
W14X283,283.0,83.3,16.7,16.1,1.29,2.07,2.67,1.875,3840.0,542.0,459.0,6.79,1440.0,274.0,179.0,4.17,104.0,77700.0,58.9,491.0,112.0,269.0,4.8,14.6,78.1,94.2,49.5,65.6,10.0,7.5,3
W14X257,257.0,75.6,16.4,16.0,1.18,1.89,2.49,1.8125,3400.0,487.0,415.0,6.71,1290.0,246.0,161.0,4.13,79.1,67800.0,58.0,439.0,102.0,243.0,4.75,14.5,77.4,93.4,48.8,64.8,10.0,7.5,3
W14X233,233.0,68.5,16.0,15.9,1.07,1.72,2.32,1.75,3010.0,436.0,375.0,6.63,1150.0,221.0,145.0,4.1,59.5,59000.0,56.8,388.0,91.1,216.0,4.69,14.3,76.5,92.4,47.9,63.8,10.0,7.5,3
W14X211,211.0,62.0,15.7,15.8,0.98,1.56,2.16,1.6875,2660.0,390.0,338.0,6.55,1030.0,198.0,130.0,4.07,44.6,51500.0,55.9,344.0,81.7,194.0,4.64,14.1,75.8,91.6,47.2,63.0,10.0,7.5,3
W14X193,193.0,56.8,15.5,15.7,0.89,1.44,2.04,1.6875,2400.0,355.0,310.0,6.5,931.0,180.0,119.0,4.05,34.8,45900.0,55.2,312.0,75.0,177.0,4.59,14.1,75.3,91.0,46.7,62.4,10.0,7.5,3
W14X176,176.0,51.8,15.2,15.7,0.83,1.31,1.91,1.625,2140.0,320.0,281.0,6.43,838.0,163.0,107.0,4.02,26.5,40500.0,54.5,280.0,67.6,159.0,4.55,13.9,74.8,90.5,46.1,61.8,10.0,7.5,3
W14X159,159.0,46.7,15.0,15.6,0.745,1.19,1.79,1.5625,1900.0,287.0,254.0,6.38,748.0,146.0,96.2,4.0,19.7,35600.0,53.9,250.0,61.0,143.0,4.51,13.8,74.3,89.9,45.6,61.2,10.0,7.5,3
W14X145,145.0,42.7,14.8,15.5,0.68,1.09,1.69,1.5625,1710.0,260.0,232.0,6.33,677.0,133.0,87.3,3.98,15.2,31700.0,53.1,224.0,55.4,129.0,4.47,13.7,73.7,89.2,45.1,60.6,10.0,7.5,3
W14X132,132.0,38.8,14.7,14.7,0.645,1.03,1.63,1.5625,1530.0,234.0,209.0,6.28,548.0,113.0,74.5,3.76,12.3,25500.0,50.2,190.0,49.5,116.0,4.23,13.7,71.2,85.9,44.1,58.8,10.0,5.5,–
W14X120,120.0,35.3,14.5,14.7,0.59,0.94,1.54,1.5,1380.0,212.0,190.0,6.24,495.0,102.0,67.5,3.74,9.37,22700.0,49.8,172.0,45.0,105.0,4.2,13.6,70.9,85.6,43.7,58.4,10.0,5.5,–
W14X109,109.0,32.0,14.3,14.6,0.525,0.86,1.46,1.5,1240.0,192.0,173.0,6.22,447.0,92.7,61.2,3.73,7.12,20200.0,49.1,154.0,40.7,94.8,4.17,13.4,70.3,84.9,43.2,57.8,10.0,5.5,–
W14X99,99.0,29.1,14.2,14.6,0.485,0.78,1.38,1.4375,1110.0,173.0,157.0,6.17,402.0,83.6,55.2,3.71,5.37,18000.0,49.0,139.0,36.9,86.1,4.14,13.4,70.2,84.8,43.0,57.6,10.0,5.5,–
W14X90,90.0,26.5,14.0,14.5,0.44,0.71,1.31,1.4375,999.0,157.0,143.0,6.14,362.0,75.6,49.9,3.7,4.06,16000.0,48.2,124.0,33.2,77.1,4.1,13.3,69.6,84.1,42.5,57.0,10.0,5.5,–
W14X82,82.0,24.0,14.3,10.1,0.51,0.855,1.45,1.0625,881.0,139.0,123.0,6.05,148.0,44.8,29.3,2.48,5.07,6710.0,33.9,73.3,27.6,68.2,2.85,13.4,56.9,67.0,38.7,48.8,10.875,5.5,–
W14X74,74.0,21.8,14.2,10.1,0.45,0.785,1.38,1.0625,795.0,126.0,112.0,6.04,134.0,40.5,26.6,2.48,3.87,5990.0,33.9,67.1,25.4,62.2,2.83,13.4,56.8,66.9,38.5,48.6,10.875,5.5,–
W14X68,68.0,20.0,14.0,10.0,0.415,0.72,1.31,1.0625,722.0,115.0,103.0,6.01,121.0,36.9,24.2,2.46,3.01,5380.0,33.2,59.8,22.9,56.0,2.8,13.3,56.2,66.2,38.0,48.0,10.875,5.5,–
W14X61,61.0,17.9,13.9,10.0,0.375,0.645,1.24,1.0,640.0,102.0,92.1,5.98,107.0,32.8,21.5,2.45,2.19,4710.0,33.1,53.4,20.6,50.2,2.78,13.3,56.0,66.0,37.8,47.8,10.875,5.5,–
W14X53,53.0,15.6,13.9,8.06,0.37,0.66,1.25,1.0,541.0,87.1,77.8,5.89,57.7,22.0,14.3,1.92,1.94,2540.0,26.7,35.5,16.8,42.5,2.22,13.2,50.2,58.3,35.9,43.9,10.875,5.5,–
W14X48,48.0,14.1,13.8,8.03,0.34,0.595,1.19,1.0,484.0,78.4,70.2,5.85,51.4,19.6,12.8,1.91,1.45,2240.0,26.5,31.7,15.1,38.3,2.2,13.2,50.0,58.0,35.6,43.7,10.875,5.5,–
W14X43,43.0,12.6,13.7,8.0,0.305,0.53,1.12,1.0,428.0,69.6,62.6,5.82,45.2,17.3,11.3,1.89,1.05,1950.0,26.3,27.9,13.4,34.0,2.18,13.2,49.8,57.8,35.4,43.4,10.875,5.5,–
W14X38,38.0,11.2,14.1,6.77,0.31,0.515,0.915,0.8125,385.0,61.5,54.6,5.87,26.7,12.1,7.88,1.55,0.798,1230.0,23.0,20.0,11.3,30.3,1.82,13.6,47.2,54.0,35.0,41.7,11.625,3.5,–
W14X34,34.0,10.0,14.0,6.75,0.285,0.455,0.855,0.75,340.0,54.6,48.6,5.83,23.3,10.6,6.91,1.53,0.569,1070.0,22.9,17.6,10.0,26.9,1.8,13.5,47.0,53.7,34.8,41.5,11.625,3.5,–
W14X30,30.0,8.85,13.8,6.73,0.27,0.385,0.785,0.75,291.0,47.3,42.0,5.73,19.6,8.99,5.82,1.49,0.38,887.0,22.6,14.6,8.34,23.1,1.77,13.4,46.6,53.3,34.3,41.1,11.625,3.5,–
W14X26,26.0,7.69,13.9,5.03,0.255,0.42,0.82,0.75,245.0,40.2,35.3,5.65,8.91,5.54,3.55,1.08,0.358,405.0,17.0,8.95,6.76,19.7,1.3,13.5,41.7,46.7,32.8,37.9,11.625,2.75,–
W14X22,22.0,6.49,13.7,5.0,0.23,0.335,0.735,0.75,199.0,33.2,29.0,5.54,7.0,4.39,2.8,1.04,0.208,314.0,16.7,7.0,5.34,16.1,1.27,13.4,41.3,46.3,32.4,37.4,11.625,2.75,–
W12X336,336.0,98.9,16.8,13.4,1.78,2.96,3.55,1.6875,4060.0,603.0,483.0,6.41,1190.0,274.0,177.0,3.47,243.0,57000.0,46.4,460.0,119.0,301.0,4.13,13.8,69.2,82.6,47.0,60.4,9.125,5.5,–
W12X305,305.0,89.5,16.3,13.2,1.63,2.71,3.3,1.625,3550.0,537.0,435.0,6.29,1050.0,244.0,159.0,3.42,185.0,48600.0,44.8,401.0,107.0,267.0,4.05,13.6,67.9,81.1,45.8,59.0,9.125,5.5,–
W12X279,279.0,81.9,15.9,13.1,1.53,2.47,3.07,1.625,3110.0,481.0,393.0,6.16,937.0,220.0,143.0,3.38,143.0,42000.0,44.0,356.0,96.0,240.0,4.0,13.4,67.0,80.1,44.9,58.0,9.125,5.5,–
W12X252,252.0,74.1,15.4,13.0,1.4,2.25,2.85,1.5,2720.0,428.0,353.0,6.06,828.0,196.0,127.0,3.34,108.0,35800.0,42.7,313.0,85.8,213.0,3.93,13.2,66.0,79.0,43.8,56.8,9.125,5.5,–
W12X230,230.0,67.7,15.1,12.9,1.29,2.07,2.67,1.5,2420.0,386.0,321.0,5.97,742.0,177.0,115.0,3.31,83.8,31200.0,42.0,281.0,78.3,193.0,3.87,13.0,65.3,78.2,43.1,56.0,9.125,5.5,–
W12X210,210.0,61.8,14.7,12.8,1.18,1.9,2.5,1.4375,2140.0,348.0,292.0,5.89,664.0,159.0,104.0,3.28,64.7,27200.0,41.0,249.0,70.6,173.0,3.81,12.8,64.4,77.2,42.2,55.0,9.125,5.5,–
W12X190,190.0,56.0,14.4,12.7,1.06,1.74,2.33,1.375,1890.0,311.0,263.0,5.82,589.0,143.0,93.0,3.25,48.8,23600.0,40.2,222.0,64.1,156.0,3.77,12.7,63.8,76.5,41.5,54.2,9.125,5.5,–
W12X170,170.0,50.0,14.0,12.6,0.96,1.56,2.16,1.3125,1650.0,275.0,235.0,5.74,517.0,126.0,82.3,3.22,35.6,20100.0,39.2,193.0,56.5,136.0,3.7,12.4,62.9,75.5,40.6,53.2,9.125,5.5,–
W12X152,152.0,44.7,13.7,12.5,0.87,1.4,2.0,1.25,1430.0,243.0,209.0,5.66,454.0,111.0,72.8,3.19,25.8,17200.0,38.4,168.0,50.1,121.0,3.66,12.3,62.1,74.6,39.9,52.4,9.125,5.5,–
W12X136,136.0,39.9,13.4,12.4,0.79,1.25,1.85,1.25,1240.0,214.0,186.0,5.58,398.0,98.0,64.2,3.16,18.5,14700.0,37.7,146.0,44.1,106.0,3.61,12.2,61.4,73.8,39.2,51.6,9.125,5.5,–
W12X120,120.0,35.2,13.1,12.3,0.71,1.11,1.7,1.1875,1070.0,186.0,163.0,5.51,345.0,85.4,56.0,3.13,12.9,12400.0,36.9,126.0,38.6,92.4,3.56,12.0,60.7,73.0,38.5,50.8,9.125,5.5,–
W12X106,106.0,31.2,12.9,12.2,0.61,0.99,1.59,1.125,933.0,164.0,145.0,5.47,301.0,75.1,49.3,3.11,9.13,10700.0,36.3,110.0,34.2,81.0,3.52,11.9,60.2,72.4,38.0,50.2,9.125,5.5,–
W12X96,96.0,28.2,12.7,12.2,0.55,0.9,1.5,1.125,833.0,147.0,131.0,5.44,270.0,67.5,44.4,3.09,6.85,9410.0,36.0,98.8,30.9,73.0,3.49,11.8,59.9,72.1,37.6,49.8,9.125,5.5,–
W12X87,87.0,25.6,12.5,12.1,0.515,0.81,1.41,1.0625,740.0,132.0,118.0,5.38,241.0,60.4,39.7,3.07,5.1,8270.0,35.4,86.6,27.4,64.9,3.46,11.7,59.2,71.3,37.1,49.2,9.125,5.5,–
W12X79,79.0,23.2,12.4,12.1,0.47,0.735,1.33,1.0625,662.0,119.0,107.0,5.34,216.0,54.3,35.8,3.05,3.84,7330.0,35.3,78.5,24.9,58.9,3.43,11.7,59.1,71.2,36.9,49.0,9.125,5.5,–
W12X72,72.0,21.1,12.3,12.0,0.43,0.67,1.27,1.0625,597.0,108.0,97.4,5.31,195.0,49.2,32.4,3.04,2.93,6540.0,34.9,70.1,22.5,53.2,3.41,11.6,58.7,70.7,36.6,48.6,9.125,5.5,–
W12X65,65.0,19.1,12.1,12.0,0.39,0.605,1.2,1.0,533.0,96.8,87.9,5.28,174.0,44.1,29.1,3.02,2.18,5780.0,34.5,62.6,20.2,47.5,3.38,11.5,58.4,70.4,36.2,48.2,9.125,5.5,–
W12X58,58.0,17.0,12.2,10.0,0.36,0.64,1.24,0.9375,475.0,86.4,78.0,5.28,107.0,32.5,21.4,2.51,2.1,3570.0,28.9,46.2,17.8,42.4,2.81,11.6,52.6,62.6,34.4,44.4,9.25,5.5,–
W12X53,53.0,15.6,12.1,10.0,0.345,0.575,1.18,0.9375,425.0,77.9,70.6,5.23,95.8,29.1,19.2,2.48,1.58,3160.0,28.8,41.4,16.0,38.3,2.79,11.5,52.5,62.5,34.2,44.2,9.25,5.5,–
W12X50,50.0,14.6,12.2,8.08,0.37,0.64,1.14,0.9375,391.0,71.9,64.2,5.18,56.3,21.3,13.9,1.96,1.71,1880.0,23.4,30.2,14.3,35.4,2.25,11.6,47.0,55.1,32.5,40.6,9.25,5.5,–
W12X45,45.0,13.1,12.1,8.05,0.335,0.575,1.08,0.9375,348.0,64.2,57.7,5.15,50.0,19.0,12.4,1.95,1.26,1650.0,23.2,26.8,12.8,31.7,2.23,11.5,46.8,54.9,32.3,40.3,9.25,5.5,–
W12X40,40.0,11.7,11.9,8.01,0.295,0.515,1.02,0.875,307.0,57.0,51.5,5.13,44.1,16.8,11.0,1.94,0.906,1440.0,22.8,23.5,11.3,27.8,2.21,11.4,46.4,54.4,31.8,39.8,9.25,5.5,–
W12X35,35.0,10.3,12.5,6.56,0.3,0.52,0.82,0.75,285.0,51.2,45.6,5.25,24.5,11.5,7.47,1.54,0.741,879.0,19.6,16.8,9.75,25.4,1.79,12.0,43.5,50.1,31.6,38.1,10.125,3.5,–
W12X30,30.0,8.79,12.3,6.52,0.26,0.44,0.74,0.75,238.0,43.1,38.6,5.21,20.3,9.56,6.24,1.52,0.457,720.0,19.3,13.9,8.17,21.3,1.77,11.9,43.1,49.6,31.1,37.6,10.125,3.5,–
W12X26,26.0,7.65,12.2,6.49,0.23,0.38,0.68,0.75,204.0,37.2,33.4,5.17,17.3,8.17,5.34,1.51,0.3,607.0,19.2,11.8,7.03,18.3,1.75,11.8,42.9,49.4,30.9,37.4,10.125,3.5,–
W12X22,22.0,6.48,12.3,4.03,0.26,0.425,0.725,0.625,156.0,29.3,25.4,4.91,4.66,3.66,2.31,0.848,0.293,164.0,12.0,5.12,4.76,14.4,1.04,11.9,35.7,39.7,28.6,32.7,10.375,2.25,–
W12X19,19.0,5.57,12.2,4.01,0.235,0.35,0.65,0.5625,130.0,24.7,21.3,4.82,3.76,2.98,1.88,0.822,0.18,131.0,11.9,4.17,3.91,12.2,1.02,11.9,35.5,39.5,28.4,32.4,10.375,2.25,–
W12X16,16.0,4.71,12.0,3.99,0.22,0.265,0.565,0.5625,103.0,20.1,17.1,4.67,2.82,2.26,1.41,0.773,0.103,96.9,11.7,3.09,2.93,9.82,0.983,11.7,35.0,39.0,28.0,32.0,10.375,2.25,–
W12X14,14.0,4.16,11.9,3.97,0.2,0.225,0.525,0.5625,88.6,17.4,14.9,4.62,2.36,1.9,1.19,0.753,0.0704,80.4,11.6,2.59,2.48,8.49,0.961,11.7,34.8,38.8,27.8,31.7,10.375,2.25,–
W10X112,112.0,32.9,11.4,10.4,0.755,1.25,1.75,1.0,716.0,147.0,126.0,4.66,236.0,69.2,45.3,2.68,15.1,6020.0,26.4,85.8,30.6,73.5,3.08,10.2,51.6,62.0,33.2,43.6,7.5,5.5,–
W10X100,100.0,29.3,11.1,10.3,0.68,1.12,1.62,1.0,623.0,130.0,112.0,4.6,207.0,61.0,40.0,2.65,10.9,5150.0,25.7,74.1,26.9,64.2,3.04,10.0,50.9,61.2,32.5,42.8,7.5,5.5,–
W10X88,88.0,26.0,10.8,10.3,0.605,0.99,1.49,0.9375,534.0,113.0,98.5,4.54,179.0,53.1,34.8,2.63,7.53,4330.0,25.3,64.4,23.5,55.9,2.99,9.81,50.4,60.7,31.9,42.2,7.5,5.5,–
W10X77,77.0,22.7,10.6,10.2,0.53,0.87,1.37,0.875,455.0,97.6,85.9,4.49,154.0,45.9,30.1,2.6,5.11,3630.0,24.8,55.0,20.5,48.4,2.95,9.73,49.9,60.1,31.4,41.6,7.5,5.5,–
W10X68,68.0,19.9,10.4,10.1,0.47,0.77,1.27,0.875,394.0,85.3,75.7,4.44,134.0,40.1,26.4,2.59,3.56,3100.0,24.3,47.3,17.9,42.1,2.92,9.63,49.3,59.4,30.9,41.0,7.5,5.5,–
W10X60,60.0,17.7,10.2,10.1,0.42,0.68,1.18,0.8125,341.0,74.6,66.7,4.39,116.0,35.0,23.0,2.57,2.48,2640.0,24.0,41.3,15.7,36.8,2.88,9.52,49.0,59.1,30.5,40.6,7.5,5.5,–
W10X54,54.0,15.8,10.1,10.0,0.37,0.615,1.12,0.8125,303.0,66.6,60.0,4.37,103.0,31.3,20.6,2.56,1.82,2320.0,23.7,36.5,14.0,32.8,2.85,9.49,48.6,58.6,30.2,40.2,7.5,5.5,–
W10X49,49.0,14.4,10.0,10.0,0.34,0.56,1.06,0.8125,272.0,60.4,54.6,4.35,93.4,28.3,18.7,2.54,1.39,2070.0,23.6,33.0,12.8,29.8,2.84,9.44,48.5,58.5,30.0,40.0,7.5,5.5,–
W10X45,45.0,13.3,10.1,8.02,0.35,0.62,1.12,0.8125,248.0,54.9,49.1,4.32,53.4,20.3,13.3,2.01,1.51,1200.0,19.0,23.6,11.3,27.0,2.27,9.48,42.7,50.7,28.2,36.2,7.5,5.5,–
W10X39,39.0,11.5,9.92,7.99,0.315,0.53,1.03,0.8125,209.0,46.8,42.1,4.27,45.0,17.2,11.3,1.98,0.976,992.0,18.8,19.9,9.55,23.0,2.24,9.39,42.3,50.3,27.8,35.8,7.5,5.5,–
W10X33,33.0,9.71,9.73,7.96,0.29,0.435,0.935,0.75,171.0,38.8,35.0,4.19,36.6,14.0,9.2,1.94,0.583,791.0,18.5,16.0,7.75,18.9,2.2,9.3,41.9,49.9,27.4,35.4,7.5,5.5,–
W10X30,30.0,8.84,10.5,5.81,0.3,0.51,0.81,0.6875,170.0,36.6,32.4,4.38,16.7,8.84,5.75,1.37,0.622,414.0,14.5,10.7,7.02,18.2,1.6,9.99,37.3,43.1,26.8,32.6,8.25,2.75,–
W10X26,26.0,7.61,10.3,5.77,0.26,0.44,0.74,0.6875,144.0,31.3,27.9,4.35,14.1,7.5,4.89,1.36,0.402,345.0,14.2,9.03,5.98,15.4,1.58,9.86,36.8,42.6,26.4,32.1,8.25,2.75,–
W10X22,22.0,6.49,10.2,5.75,0.24,0.36,0.66,0.625,118.0,26.0,23.2,4.27,11.4,6.1,3.97,1.33,0.239,275.0,14.1,7.32,4.88,12.9,1.55,9.84,36.6,42.4,26.2,31.9,8.25,2.75,–
W10X19,19.0,5.62,10.2,4.02,0.25,0.395,0.695,0.625,96.3,21.6,18.8,4.14,4.29,3.35,2.14,0.874,0.233,104.0,9.85,3.91,3.65,10.6,1.06,9.81,31.5,35.5,24.4,28.4,8.375,2.25,–
W10X17,17.0,4.99,10.1,4.01,0.24,0.33,0.63,0.5625,81.9,18.7,16.2,4.05,3.56,2.8,1.78,0.845,0.156,85.1,9.79,3.24,3.04,9.14,1.04,9.77,31.2,35.2,24.2,28.2,8.375,2.25,–
W10X15,15.0,4.41,9.99,4.0,0.23,0.27,0.57,0.5625,68.9,16.0,13.8,3.95,2.89,2.3,1.45,0.81,0.104,68.3,9.73,2.63,2.48,7.83,1.01,9.72,31.0,35.0,24.0,28.0,8.375,2.25,–
W10X12,12.0,3.54,9.87,3.96,0.19,0.21,0.51,0.5625,53.8,12.6,10.9,3.9,2.18,1.74,1.1,0.785,0.0547,50.9,9.56,1.99,1.91,6.14,0.983,9.66,30.7,34.7,23.7,27.7,8.375,2.25,–
W8X67,67.0,19.7,9.0,8.28,0.57,0.935,1.33,0.9375,272.0,70.1,60.4,3.72,88.6,32.7,21.4,2.12,5.05,1440.0,16.7,32.3,14.5,34.8,2.43,8.07,41.0,49.3,26.3,34.6,5.75,5.5,–
W8X58,58.0,17.1,8.75,8.22,0.51,0.81,1.2,0.875,228.0,59.8,52.0,3.65,75.1,27.9,18.3,2.1,3.33,1180.0,16.3,27.2,12.4,29.7,2.39,7.94,40.5,48.7,25.7,33.9,5.75,5.5,–
W8X48,48.0,14.1,8.5,8.11,0.4,0.685,1.08,0.8125,184.0,49.0,43.2,3.61,60.9,22.9,15.0,2.08,1.96,931.0,15.8,22.0,10.3,24.2,2.35,7.82,39.9,48.0,25.1,33.2,5.75,5.5,–
W8X40,40.0,11.7,8.25,8.07,0.36,0.56,0.954,0.8125,146.0,39.8,35.5,3.53,49.1,18.5,12.2,2.04,1.12,726.0,15.5,17.5,8.3,19.7,2.31,7.69,39.3,47.4,24.6,32.6,5.75,5.5,–
W8X35,35.0,10.3,8.12,8.02,0.31,0.495,0.889,0.8125,127.0,34.7,31.2,3.51,42.6,16.1,10.6,2.03,0.769,619.0,15.3,15.2,7.28,17.1,2.28,7.63,39.0,47.0,24.3,32.3,5.75,5.5,–
W8X31,31.0,9.13,8.0,8.0,0.285,0.435,0.829,0.75,110.0,30.4,27.5,3.47,37.1,14.1,9.27,2.02,0.536,530.0,15.1,13.2,6.35,15.0,2.26,7.57,38.8,46.8,24.0,32.0,5.75,5.5,–
W8X28,28.0,8.25,8.06,6.54,0.285,0.465,0.859,0.625,98.0,27.2,24.3,3.45,21.7,10.1,6.63,1.62,0.537,312.0,12.4,9.44,5.52,13.4,1.84,7.6,34.5,41.0,22.7,29.2,6.125,4.0,–
W8X24,24.0,7.08,7.93,6.5,0.245,0.4,0.794,0.5625,82.7,23.1,20.9,3.42,18.3,8.57,5.63,1.61,0.346,259.0,12.2,7.95,4.71,11.3,1.81,7.53,34.2,40.7,22.4,28.9,6.125,4.0,–
W8X21,21.0,6.16,8.28,5.27,0.25,0.4,0.7,0.5625,75.3,20.4,18.2,3.49,9.77,5.69,3.71,1.26,0.282,152.0,10.4,5.47,3.96,10.1,1.46,7.88,31.3,36.6,21.8,27.1,6.5,2.75,–
W8X18,18.0,5.26,8.14,5.25,0.23,0.33,0.63,0.5625,61.9,17.0,15.2,3.43,7.97,4.66,3.04,1.23,0.172,122.0,10.3,4.44,3.23,8.37,1.43,7.81,31.0,36.3,21.5,26.8,6.5,2.75,–
W8X15,15.0,4.44,8.11,4.02,0.245,0.315,0.615,0.5625,48.0,13.6,11.8,3.29,3.41,2.67,1.7,0.876,0.137,51.8,7.81,2.47,2.31,6.64,1.06,7.8,27.3,31.3,20.2,24.2,6.5,2.25,–
W8X13,13.0,3.84,7.99,4.0,0.23,0.255,0.555,0.5625,39.6,11.4,9.91,3.21,2.73,2.15,1.37,0.843,0.0871,40.8,7.74,1.97,1.86,5.55,1.03,7.74,27.0,31.0,20.0,24.0,6.5,2.25,–
W8X10,10.0,2.96,7.89,3.94,0.17,0.205,0.505,0.5,30.8,8.87,7.81,3.22,2.09,1.66,1.06,0.841,0.0426,30.9,7.57,1.53,1.48,4.29,1.01,7.69,26.8,30.7,19.7,23.7,6.5,2.25,–
W6X25,25.0,7.34,6.38,6.08,0.32,0.455,0.705,0.5625,53.4,18.9,16.7,2.7,17.1,8.56,5.61,1.52,0.461,150.0,9.01,6.23,3.88,9.39,1.74,5.93,29.9,36.0,18.8,24.9,4.5,3.5,–
W6X20,20.0,5.87,6.2,6.02,0.26,0.365,0.615,0.5625,41.4,14.9,13.4,2.66,13.3,6.72,4.41,1.5,0.24,113.0,8.78,4.82,3.07,7.38,1.7,5.84,29.5,35.5,18.4,24.4,4.5,3.5,–
W6X15,15.0,4.43,5.99,5.99,0.23,0.26,0.51,0.5625,29.1,10.8,9.72,2.56,9.32,4.75,3.11,1.45,0.101,76.5,8.58,3.34,2.15,5.32,1.66,5.73,29.1,35.1,18.0,24.0,4.5,3.5,–
W6X16,16.0,4.74,6.28,4.03,0.26,0.405,0.655,0.5625,32.1,11.7,10.2,2.6,4.43,3.39,2.2,0.967,0.223,38.2,5.92,2.42,2.24,5.77,1.13,5.88,23.7,27.7,16.6,20.6,4.5,2.25,–
W6X12,12.0,3.55,6.03,4.0,0.23,0.28,0.53,0.5625,22.1,8.3,7.31,2.49,2.99,2.32,1.5,0.918,0.0903,24.7,5.75,1.61,1.52,4.08,1.08,5.75,23.2,27.2,16.1,20.1,4.5,2.25,–
W6X9,9.0,2.68,5.9,3.94,0.17,0.215,0.465,0.5,16.4,6.23,5.56,2.47,2.2,1.72,1.11,0.905,0.0405,17.7,5.6,1.19,1.15,3.04,1.06,5.69,22.9,26.8,15.7,19.7,4.5,2.25,–
W6X8_5,8.5,2.52,5.83,3.94,0.17,0.195,0.445,0.5,14.9,5.73,5.1,2.43,1.99,1.56,1.01,0.89,0.0333,15.8,5.55,1.06,1.03,2.78,1.05,5.64,22.8,26.7,15.6,19.5,4.5,2.25,–
W5X19,19.0,5.56,5.15,5.03,0.27,0.43,0.73,0.4375,26.3,11.6,10.2,2.17,9.13,5.53,3.63,1.28,0.316,50.9,5.94,3.21,2.42,5.73,1.45,4.72,24.4,29.4,15.3,20.4,3.5,2.75,–
W5X16,16.0,4.71,5.01,5.0,0.24,0.36,0.66,0.4375,21.4,9.63,8.55,2.13,7.51,4.58,3.0,1.26,0.192,40.6,5.81,2.62,1.99,4.74,1.43,4.65,24.0,29.0,15.0,20.0,3.5,2.75,–
W4X13,13.0,3.83,4.16,4.06,0.28,0.345,0.595,0.5,11.3,6.28,5.46,1.72,3.86,2.92,1.9,1.0,0.151,14.0,3.87,1.36,1.24,3.09,1.16,3.82,19.5,23.6,12.4,16.4,2.625,2.25,–
