shape,weight,area,d,bf,tw,tf,k,y,yp,Ix,Zx,Sx,rx,Iy,Zy,Sy,ry,J,Cw,ro,H,PA,PB,PC,PD,WGi,WGo
WT22X204,204.0,59.9,22.4,16.1,1.22,2.17,2.96,5.71,1.86,2670.0,286.0,160.0,6.68,758.0,148.0,94.2,3.56,66.9,785.0,8.87,0.728,60.2,76.3,60.9,77.0,5.5,3
WT22X184,184.0,54.0,22.2,16.0,1.1,1.97,2.76,5.57,1.69,2380.0,255.0,143.0,6.64,675.0,132.0,84.4,3.54,49.9,570.0,8.81,0.729,59.7,75.7,60.4,76.4,5.5,3
WT22X167_5,167.5,49.2,22.0,15.9,1.03,1.77,2.56,5.53,1.54,2170.0,234.0,131.0,6.63,600.0,118.0,75.2,3.49,37.2,438.0,8.82,0.723,58.9,74.8,59.9,75.8,5.5,3
WT22X145,145.0,42.6,21.8,15.8,0.865,1.58,2.36,5.26,1.35,1830.0,196.0,111.0,6.54,521.0,102.0,65.9,3.49,25.4,275.0,8.66,0.733,58.4,74.2,59.4,75.2,5.5,3
WT22X131,131.0,38.5,21.7,15.8,0.785,1.42,2.2,5.19,1.22,1640.0,176.0,99.4,6.53,462.0,90.9,58.6,3.47,18.6,200.0,8.64,0.731,58.2,74.0,59.2,75.0,5.5,3
WT22X115,115.0,33.9,21.5,15.8,0.71,1.22,2.01,5.17,1.07,1440.0,157.0,88.6,6.53,398.0,78.3,50.5,3.43,12.4,139.0,8.67,0.723,57.8,73.6,58.8,74.6,5.5,3
WT20X327_5,327.5,96.4,21.8,16.9,1.97,3.54,4.72,5.85,2.85,3730.0,426.0,234.0,6.22,1440.0,271.0,170.0,3.86,293.0,3190.0,8.38,0.763,59.5,76.4,60.5,77.4,7.5,3
WT20X296_5,296.5,87.2,21.5,16.7,1.79,3.23,4.41,5.66,2.61,3310.0,379.0,209.0,6.16,1260.0,240.0,151.0,3.8,221.0,2340.0,8.29,0.762,58.7,75.4,59.7,76.4,7.5,3
WT20X251_5,251.5,74.0,21.0,16.4,1.54,2.76,3.94,5.38,2.25,2730.0,314.0,174.0,6.07,1020.0,197.0,124.0,3.72,138.0,1400.0,8.17,0.76,57.4,73.8,58.4,74.8,7.5,3
WT20X215_5,215.5,63.3,20.6,16.2,1.34,2.36,3.54,5.18,1.95,2290.0,266.0,148.0,6.01,843.0,164.0,104.0,3.65,88.2,881.0,8.09,0.756,56.4,72.6,57.4,73.6,7.5,3
WT20X198_5,198.5,58.3,20.5,16.1,1.22,2.2,3.38,5.03,1.81,2070.0,240.0,134.0,5.96,771.0,150.0,95.7,3.63,70.6,677.0,8.01,0.76,56.1,72.2,57.1,73.2,7.5,3
WT20X186,186.0,54.7,20.3,16.1,1.16,2.05,3.23,4.98,1.7,1930.0,225.0,126.0,5.95,709.0,138.0,88.3,3.6,57.7,558.0,8.0,0.756,55.7,71.8,56.7,72.8,7.5,3
WT20X181,181.0,53.2,20.3,16.0,1.12,2.01,3.19,4.91,1.66,1870.0,217.0,122.0,5.92,691.0,135.0,86.3,3.6,54.2,511.0,7.96,0.759,55.6,71.6,56.6,72.6,7.5,3
WT20X162,162.0,47.7,20.1,15.9,1.0,1.81,2.99,4.77,1.5,1650.0,192.0,108.0,5.88,609.0,119.0,76.6,3.57,39.6,362.0,7.89,0.76,55.1,71.0,56.1,72.0,7.5,3
WT20X148_5,148.5,43.6,19.9,15.8,0.93,1.65,2.83,4.71,1.38,1500.0,176.0,98.9,5.87,546.0,107.0,69.0,3.54,30.5,279.0,7.88,0.756,54.6,70.4,55.6,71.4,7.5,3
WT20X138_5,138.5,40.7,19.8,15.8,0.83,1.58,2.76,4.5,1.29,1360.0,157.0,88.6,5.78,522.0,102.0,65.9,3.58,25.7,218.0,7.75,0.77,54.4,70.2,55.4,71.2,7.5,3
WT20X124_5,124.5,36.7,19.7,15.8,0.75,1.42,2.6,4.41,1.16,1210.0,140.0,79.4,5.75,463.0,90.8,58.8,3.55,19.0,158.0,7.7,0.77,54.2,70.0,55.2,71.0,7.5,3
WT20X107_5,107.5,31.8,19.5,15.8,0.65,1.22,2.4,4.28,1.01,1030.0,120.0,68.0,5.71,398.0,77.8,50.5,3.54,12.4,101.0,7.66,0.771,53.8,69.6,54.8,70.6,7.5,3
WT20X99_5,99.5,29.2,19.3,15.8,0.65,1.07,2.25,4.47,0.929,988.0,117.0,66.5,5.81,347.0,68.2,44.1,3.45,9.12,83.5,7.82,0.746,53.4,69.2,54.4,70.2,7.5,3
WT20X196,196.0,57.8,20.8,12.4,1.42,2.52,3.7,5.94,2.33,2270.0,275.0,153.0,6.27,401.0,106.0,64.9,2.64,85.4,796.0,8.26,0.679,53.0,65.4,54.0,66.4,7.5,–
WT20X165_5,165.5,48.8,20.4,12.2,1.22,2.13,3.31,5.74,2.0,1880.0,231.0,128.0,6.21,322.0,85.7,52.9,2.57,52.5,484.0,8.19,0.674,52.0,64.2,53.0,65.2,7.5,–
WT20X163_5,163.5,47.9,20.4,12.1,1.18,2.13,3.31,5.66,1.98,1840.0,224.0,125.0,6.19,320.0,85.0,52.7,2.58,51.4,449.0,8.13,0.68,51.9,64.0,52.9,65.0,7.5,–
WT20X147,147.0,43.1,20.2,12.0,1.06,1.93,3.11,5.51,1.8,1630.0,199.0,111.0,6.14,281.0,75.0,46.7,2.55,38.2,322.0,8.06,0.681,51.4,63.4,52.4,64.4,7.5,–
WT20X139,139.0,41.0,20.1,12.0,1.03,1.81,2.99,5.51,1.71,1550.0,191.0,106.0,6.14,261.0,69.9,43.5,2.52,32.4,282.0,8.08,0.675,51.2,63.2,52.2,64.2,7.5,–
WT20X132,132.0,38.7,20.0,11.9,0.96,1.73,2.91,5.41,1.63,1450.0,178.0,99.2,6.11,246.0,66.0,41.3,2.52,27.9,233.0,8.02,0.679,50.9,62.8,51.9,63.8,7.5,–
WT20X117_5,117.5,34.6,19.8,11.9,0.83,1.58,2.76,5.17,1.45,1260.0,153.0,85.7,6.04,222.0,59.0,37.3,2.54,20.6,156.0,7.88,0.691,50.5,62.4,51.5,63.4,7.5,–
WT20X105_5,105.5,31.1,19.7,11.8,0.75,1.42,2.6,5.08,1.31,1120.0,137.0,76.7,6.01,195.0,52.1,33.0,2.51,15.2,113.0,7.84,0.69,50.2,62.0,51.2,63.0,7.5,–
WT20X91_5,91.5,26.7,19.5,11.8,0.65,1.2,2.38,4.97,1.13,955.0,117.0,65.7,5.98,165.0,44.0,28.0,2.49,9.65,71.2,7.81,0.688,49.8,61.6,50.8,62.6,7.5,–
WT20X83_5,83.5,24.5,19.3,11.8,0.65,1.03,2.21,5.19,1.1,899.0,115.0,63.7,6.05,141.0,37.8,23.9,2.4,6.99,62.9,8.01,0.659,49.4,61.2,50.4,62.2,7.5,–
WT20X74_5,74.5,21.9,19.1,11.8,0.63,0.83,2.01,5.45,1.72,815.0,108.0,59.7,6.1,114.0,30.9,19.4,2.29,4.66,51.9,8.23,0.626,49.0,60.8,50.0,61.8,7.5,–
WT18X462_5,462.5,136.0,21.6,18.6,3.02,4.53,5.28,6.36,3.66,5130.0,617.0,337.0,6.14,2470.0,431.0,266.0,4.26,707.0,9680.0,8.52,0.769,61.2,79.8,61.8,80.4,7.5,3
WT18X426_5,426.5,126.0,21.6,18.2,2.52,4.53,5.28,5.95,3.46,4480.0,533.0,286.0,5.96,2300.0,403.0,253.0,4.27,615.0,7100.0,8.21,0.799,60.8,79.0,61.4,79.6,7.5,3
WT18X401,401.0,118.0,21.3,18.0,2.38,4.29,5.04,5.8,3.28,4110.0,491.0,265.0,5.9,2100.0,372.0,233.0,4.22,519.0,5830.0,8.12,0.797,60.0,78.0,60.6,78.6,7.5,3
WT18X361_5,361.5,107.0,20.9,17.8,2.17,3.9,4.65,5.55,3.01,3610.0,434.0,235.0,5.81,1850.0,329.0,208.0,4.16,390.0,4250.0,8.0,0.798,59.0,76.8,59.6,77.4,7.5,3
WT18X326,326.0,96.2,20.5,17.6,1.97,3.54,4.49,5.35,2.73,3160.0,383.0,208.0,5.74,1610.0,290.0,184.0,4.1,295.0,3070.0,7.91,0.795,57.6,75.2,58.6,76.2,7.5,3
WT18X264_5,264.5,77.8,19.9,17.2,1.61,2.91,3.86,4.96,2.26,2440.0,298.0,164.0,5.6,1240.0,227.0,145.0,4.0,163.0,1600.0,7.72,0.794,56.0,73.2,57.0,74.2,7.5,3
WT18X243_5,243.5,71.7,19.7,17.1,1.5,2.68,3.63,4.84,2.1,2220.0,272.0,150.0,5.57,1120.0,206.0,131.0,3.96,128.0,1250.0,7.68,0.792,55.5,72.6,56.5,73.6,7.5,3
WT18X220_5,220.5,64.9,19.4,17.0,1.36,2.44,3.39,4.69,1.91,1980.0,242.0,134.0,5.52,997.0,184.0,117.0,3.92,96.6,914.0,7.6,0.792,54.8,71.8,55.8,72.8,7.5,3
WT18X197_5,197.5,58.1,19.2,16.8,1.22,2.2,3.15,4.53,1.73,1740.0,213.0,119.0,5.47,877.0,162.0,104.0,3.88,70.7,652.0,7.54,0.792,54.2,71.0,55.2,72.0,7.5,3
WT18X180_5,180.5,53.0,19.0,16.7,1.12,2.01,2.96,4.42,1.59,1570.0,192.0,107.0,5.43,786.0,146.0,94.0,3.85,54.1,491.0,7.49,0.792,53.7,70.4,54.7,71.4,7.5,3
WT18X165,165.0,48.4,18.8,16.6,1.02,1.85,2.8,4.3,1.46,1410.0,173.0,97.0,5.39,711.0,132.0,85.5,3.83,42.0,372.0,7.43,0.793,53.2,69.8,54.2,70.8,7.5,3
WT18X151,151.0,44.5,18.7,16.7,0.945,1.68,2.63,4.22,1.33,1280.0,158.0,88.8,5.37,648.0,120.0,77.8,3.82,32.1,285.0,7.41,0.792,53.1,69.8,54.1,70.8,7.5,3
WT18X141,141.0,41.5,18.6,16.6,0.885,1.57,2.52,4.16,1.25,1190.0,146.0,82.6,5.36,599.0,112.0,72.2,3.8,26.3,231.0,7.38,0.791,52.8,69.4,53.8,70.4,7.5,3
WT18X131,131.0,38.5,18.4,16.6,0.84,1.44,2.39,4.14,1.16,1110.0,137.0,77.5,5.36,545.0,102.0,65.8,3.76,20.8,185.0,7.39,0.785,52.4,69.0,53.4,70.0,7.5,3
WT18X123_5,123.5,36.3,18.3,16.5,0.8,1.35,2.3,4.12,1.1,1040.0,129.0,73.3,5.36,507.0,94.8,61.4,3.74,17.3,155.0,7.39,0.783,52.1,68.6,53.1,69.6,7.5,3
WT18X115_5,115.5,34.1,18.2,16.5,0.76,1.26,2.21,4.1,1.03,978.0,122.0,69.1,5.36,470.0,88.0,57.0,3.71,14.3,129.0,7.39,0.78,51.9,68.4,52.9,69.4,7.5,3
WT18X193_5,193.5,56.8,19.5,12.7,1.42,2.56,3.31,5.42,2.24,1910.0,244.0,136.0,5.8,441.0,112.0,69.4,2.79,85.3,720.0,7.65,0.707,51.1,63.8,51.7,64.4,5.5,–
WT18X175,175.0,51.5,19.3,12.6,1.3,2.32,3.07,5.3,2.04,1720.0,220.0,123.0,5.78,390.0,99.4,61.9,2.75,64.1,538.0,7.62,0.705,50.6,63.2,51.2,63.8,5.5,–
WT18X159,159.0,46.7,19.1,12.4,1.18,2.13,2.88,5.17,1.88,1530.0,197.0,110.0,5.72,341.0,87.9,55.0,2.7,48.9,396.0,7.54,0.704,50.0,62.4,50.6,63.0,5.5,–
WT18X143,143.0,42.0,18.9,12.3,1.06,1.93,2.68,5.02,1.71,1360.0,175.0,98.0,5.69,301.0,77.8,48.9,2.68,36.2,284.0,7.48,0.706,49.5,61.8,50.1,62.4,5.5,–
WT18X128,128.0,37.6,18.7,12.2,0.96,1.73,2.48,4.92,1.54,1210.0,156.0,87.4,5.66,264.0,68.5,43.2,2.65,26.4,205.0,7.45,0.703,48.6,60.8,49.6,61.8,5.5,–
WT18X116,116.0,34.0,18.6,12.1,0.87,1.57,2.32,4.82,1.4,1080.0,140.0,78.5,5.63,234.0,60.9,38.6,2.62,19.7,151.0,7.4,0.703,48.3,60.4,49.3,61.4,5.5,–
WT18X105,105.0,30.9,18.3,12.2,0.83,1.36,2.11,4.87,1.27,985.0,131.0,73.1,5.65,206.0,53.4,33.8,2.58,13.9,119.0,7.49,0.687,47.8,60.0,48.8,61.0,5.5,–
WT18X97,97.0,28.5,18.2,12.1,0.765,1.26,2.01,4.8,1.18,901.0,120.0,67.0,5.62,187.0,48.8,30.9,2.56,11.1,92.7,7.45,0.688,47.5,59.6,48.5,60.6,5.5,–
WT18X91,91.0,26.8,18.2,12.1,0.725,1.18,1.93,4.77,1.11,845.0,113.0,63.1,5.62,174.0,45.3,28.8,2.55,9.2,77.6,7.45,0.685,47.5,59.6,48.5,60.6,5.5,–
WT18X85,85.0,25.0,18.1,12.0,0.68,1.1,1.85,4.73,1.04,786.0,105.0,58.9,5.61,160.0,41.8,26.6,2.53,7.51,63.2,7.44,0.684,47.2,59.2,48.2,60.2,5.5,–
WT18X80,80.0,23.5,18.0,12.0,0.65,1.02,1.77,4.74,0.98,740.0,100.0,55.8,5.61,147.0,38.6,24.6,2.5,6.17,53.6,7.46,0.678,47.0,59.0,48.0,60.0,5.5,–
WT18X75,75.0,22.1,17.9,12.0,0.625,0.94,1.69,4.78,0.923,698.0,95.5,53.1,5.62,135.0,35.4,22.5,2.47,5.04,46.0,7.5,0.67,46.8,58.8,47.8,59.8,5.5,–
WT18X67_5,67.5,19.9,17.8,12.0,0.6,0.79,1.54,4.96,1.23,637.0,90.1,49.7,5.66,113.0,29.8,18.9,2.38,3.48,37.3,7.65,0.644,46.6,58.6,47.6,59.6,5.5,–
WT16_5X193_5,193.5,57.0,18.0,16.2,1.26,2.28,3.07,4.27,1.76,1460.0,193.0,107.0,5.07,810.0,156.0,100.0,3.77,73.9,615.0,7.05,0.803,51.2,67.4,52.2,68.4,5.5,3
WT16_5X177,177.0,52.1,17.8,16.1,1.16,2.09,2.88,4.15,1.62,1320.0,174.0,96.8,5.03,729.0,141.0,90.6,3.74,57.1,468.0,7.0,0.803,50.7,66.8,51.7,67.8,5.5,3
WT16_5X159,159.0,46.8,17.6,16.0,1.04,1.89,2.68,4.02,1.46,1160.0,154.0,85.8,4.99,645.0,125.0,80.7,3.71,42.1,335.0,6.93,0.804,50.2,66.2,51.2,67.2,5.5,3
WT16_5X145_5,145.5,42.8,17.4,15.9,0.96,1.73,2.52,3.93,1.35,1060.0,140.0,78.3,4.96,581.0,113.0,73.1,3.68,32.5,256.0,6.9,0.802,49.7,65.6,50.7,66.6,5.5,3
WT16_5X131_5,131.5,38.7,17.3,15.8,0.87,1.57,2.36,3.83,1.23,943.0,125.0,70.2,4.93,517.0,101.0,65.5,3.65,24.3,188.0,6.86,0.802,49.4,65.2,50.4,66.2,5.5,3
WT16_5X120_5,120.5,35.6,17.1,15.9,0.83,1.4,2.19,3.84,1.12,872.0,116.0,65.8,4.96,466.0,90.8,58.8,3.62,18.0,146.0,6.9,0.792,49.1,65.0,50.1,66.0,5.5,3
WT16_5X110_5,110.5,32.6,17.0,15.8,0.775,1.28,2.06,3.81,1.03,799.0,107.0,60.8,4.95,420.0,82.1,53.2,3.59,13.9,113.0,6.89,0.788,48.8,64.6,49.8,65.6,5.5,3
WT16_5X100_5,100.5,29.7,16.8,15.7,0.715,1.15,1.94,3.77,0.94,725.0,97.8,55.5,4.95,375.0,73.3,47.6,3.56,10.4,84.9,6.88,0.784,48.3,64.0,49.3,65.0,5.5,3
WT16_5X84_5,84.5,24.7,16.9,11.5,0.67,1.22,1.92,4.21,1.08,649.0,90.8,51.1,5.12,155.0,42.1,27.0,2.5,8.81,55.4,6.74,0.715,44.3,55.8,45.3,56.8,5.5,–
WT16_5X76,76.0,22.5,16.7,11.6,0.635,1.06,1.76,4.26,0.967,592.0,84.5,47.4,5.14,136.0,36.9,23.6,2.47,6.16,43.0,6.82,0.7,44.0,55.6,45.0,56.6,5.5,–
WT16_5X70_5,70.5,20.7,16.7,11.5,0.605,0.96,1.66,4.29,0.901,552.0,79.8,44.7,5.15,123.0,33.4,21.3,2.43,4.84,35.4,6.86,0.691,43.9,55.4,44.9,56.4,5.5,–
WT16_5X65,65.0,19.1,16.5,11.5,0.58,0.855,1.56,4.36,0.832,513.0,75.6,42.1,5.18,109.0,29.7,18.9,2.38,3.67,29.3,6.93,0.677,43.5,55.0,44.5,56.0,5.5,–
WT16_5X59,59.0,17.4,16.4,11.5,0.55,0.74,1.44,4.47,0.862,469.0,70.8,39.2,5.2,93.5,25.6,16.3,2.32,2.64,23.4,7.02,0.659,43.3,54.8,44.3,55.8,5.5,–
WT15X195_5,195.5,57.6,16.6,15.6,1.36,2.44,3.23,4.0,1.85,1220.0,177.0,96.9,4.61,774.0,155.0,99.2,3.67,86.3,636.0,6.51,0.817,47.8,63.4,48.8,64.4,5.5,3
WT15X178_5,178.5,52.5,16.4,15.5,1.24,2.24,3.03,3.87,1.7,1090.0,159.0,87.2,4.56,693.0,140.0,89.6,3.64,66.6,478.0,6.45,0.818,47.3,62.8,48.3,63.8,5.5,3
WT15X163,163.0,48.0,16.2,15.4,1.14,2.05,2.84,3.76,1.56,981.0,143.0,78.8,4.52,622.0,126.0,81.0,3.6,51.2,361.0,6.4,0.817,46.8,62.2,47.8,63.2,5.5,3
WT15X146,146.0,43.0,16.0,15.3,1.02,1.85,2.64,3.62,1.41,861.0,125.0,69.6,4.48,549.0,111.0,71.9,3.58,37.5,257.0,6.33,0.819,46.3,61.6,47.3,62.6,5.5,3
WT15X130_5,130.5,38.5,15.8,15.2,0.93,1.65,2.44,3.54,1.27,765.0,112.0,62.4,4.46,480.0,97.9,63.3,3.53,26.9,184.0,6.3,0.815,45.8,61.0,46.8,62.0,5.5,3
WT15X117_5,117.5,34.7,15.7,15.1,0.83,1.5,2.29,3.41,1.15,674.0,98.2,55.1,4.41,427.0,87.5,56.8,3.51,20.1,133.0,6.24,0.818,45.5,60.6,46.5,61.6,5.5,3
WT15X105_5,105.5,31.1,15.5,15.1,0.775,1.32,2.1,3.39,1.03,610.0,89.5,50.5,4.43,378.0,77.2,50.1,3.49,14.1,96.4,6.27,0.809,45.1,60.2,46.1,61.2,5.5,3
WT15X95_5,95.5,28.0,15.3,15.0,0.71,1.19,1.97,3.34,0.935,549.0,80.8,45.7,4.42,336.0,68.9,44.7,3.46,10.5,71.2,6.25,0.807,44.6,59.6,45.6,60.6,5.5,3
WT15X86_5,86.5,25.4,15.2,15.0,0.655,1.07,1.85,3.31,0.851,497.0,73.5,41.7,4.42,299.0,61.4,39.9,3.42,7.78,53.0,6.24,0.802,44.4,59.4,45.4,60.4,5.5,3
WT15X74,74.0,21.8,15.3,10.5,0.65,1.18,1.83,3.84,1.04,466.0,72.2,40.6,4.63,114.0,33.9,21.7,2.28,7.24,37.6,6.1,0.716,40.1,50.6,41.1,51.6,5.5,–
WT15X66,66.0,19.5,15.2,10.5,0.615,1.0,1.65,3.9,0.921,421.0,66.8,37.4,4.66,98.0,29.2,18.6,2.25,4.85,28.5,6.19,0.698,39.9,50.4,40.9,51.4,5.5,–
WT15X62,62.0,18.2,15.1,10.5,0.585,0.93,1.58,3.9,0.867,396.0,63.1,35.3,4.66,90.4,27.0,17.2,2.23,3.98,23.9,6.2,0.694,39.7,50.2,40.7,51.2,5.5,–
WT15X58,58.0,17.1,15.0,10.5,0.565,0.85,1.5,3.94,0.815,373.0,60.4,33.7,4.67,82.1,24.6,15.6,2.19,3.21,20.5,6.24,0.683,39.5,50.0,40.5,51.0,5.5,–
WT15X54,54.0,15.9,14.9,10.5,0.545,0.76,1.41,4.01,0.757,349.0,57.7,32.0,4.69,73.0,21.9,13.9,2.15,2.49,17.3,6.31,0.668,39.3,49.8,40.3,50.8,5.5,–
WT15X49_5,49.5,14.5,14.8,10.5,0.52,0.67,1.32,4.09,0.912,322.0,54.4,30.0,4.71,63.9,19.3,12.2,2.1,1.88,14.3,6.38,0.653,39.1,49.6,40.1,50.6,5.5,–
WT15X45,45.0,13.2,14.8,10.4,0.47,0.61,1.26,4.04,0.835,290.0,49.0,27.1,4.69,57.3,17.3,11.0,2.09,1.41,10.5,6.35,0.654,39.0,49.4,40.0,50.4,5.5,–
WT13_5X269_5,269.5,79.3,16.3,15.3,1.97,3.54,4.33,4.34,2.6,1530.0,242.0,128.0,4.39,1060.0,218.0,138.0,3.65,247.0,1740.0,6.26,0.831,47.2,62.5,47.9,63.2,5.5,–
WT13_5X184,184.0,54.2,15.2,14.7,1.38,2.48,3.27,3.71,1.85,939.0,151.0,81.7,4.16,655.0,140.0,89.3,3.48,84.5,532.0,5.96,0.828,44.1,58.8,45.1,59.8,5.5,–
WT13_5X168,168.0,49.5,15.0,14.6,1.26,2.28,3.07,3.58,1.7,839.0,135.0,73.4,4.12,587.0,126.0,80.8,3.45,65.4,401.0,5.9,0.829,43.6,58.2,44.6,59.2,5.5,–
WT13_5X153_5,153.5,45.2,14.8,14.4,1.16,2.09,2.88,3.47,1.56,753.0,121.0,66.4,4.08,527.0,113.0,72.9,3.41,50.5,304.0,5.85,0.828,43.0,57.4,44.0,58.4,5.5,–
WT13_5X140_5,140.5,41.5,14.6,14.4,1.06,1.93,2.72,3.35,1.44,677.0,109.0,59.9,4.04,477.0,103.0,66.4,3.39,39.6,232.0,5.79,0.83,42.6,57.0,43.6,58.0,5.5,–
WT13_5X129,129.0,38.1,14.5,14.3,0.98,1.77,2.56,3.27,1.33,613.0,98.9,54.7,4.02,430.0,93.3,60.2,3.36,30.7,178.0,5.76,0.828,42.3,56.6,43.3,57.6,5.5,–
WT13_5X117_5,117.5,34.7,14.3,14.2,0.91,1.61,2.4,3.2,1.22,556.0,89.9,50.0,4.0,384.0,83.8,54.2,3.33,23.4,135.0,5.73,0.825,41.8,56.0,42.8,57.0,5.5,–
WT13_5X108_5,108.5,32.0,14.2,14.1,0.83,1.5,2.29,3.1,1.13,502.0,81.1,45.2,3.96,352.0,77.0,49.9,3.32,18.8,105.0,5.68,0.828,41.5,55.6,42.5,56.6,5.5,–
WT13_5X97,97.0,28.6,14.1,14.0,0.75,1.34,2.13,3.02,1.02,444.0,71.8,40.3,3.94,309.0,67.8,44.1,3.29,13.5,74.3,5.64,0.827,41.2,55.2,42.2,56.2,5.5,–
WT13_5X89,89.0,26.3,13.9,14.1,0.725,1.19,1.98,3.04,0.932,414.0,67.7,38.2,3.97,278.0,60.8,39.4,3.25,10.0,57.7,5.69,0.815,40.9,55.0,41.9,56.0,5.5,–
WT13_5X80_5,80.5,23.8,13.8,14.0,0.66,1.08,1.87,2.98,0.849,372.0,60.8,34.4,3.95,248.0,54.5,35.4,3.23,7.53,42.7,5.66,0.814,40.6,54.6,41.6,55.6,5.5,–
WT13_5X73,73.0,21.6,13.7,14.0,0.605,0.975,1.76,2.94,0.772,336.0,55.0,31.2,3.95,222.0,48.8,31.7,3.2,5.62,31.7,5.64,0.812,40.4,54.4,41.4,55.4,5.5,–
WT13_5X64_5,64.5,18.9,13.8,10.0,0.61,1.1,1.7,3.39,0.945,323.0,55.1,31.0,4.13,92.2,28.8,18.4,2.21,5.55,24.0,5.48,0.732,36.6,46.6,37.6,47.6,5.5,–
WT13_5X57,57.0,16.8,13.6,10.1,0.57,0.93,1.53,3.42,0.832,289.0,50.4,28.3,4.15,79.3,24.6,15.8,2.18,3.65,17.5,5.54,0.716,36.3,46.4,37.3,47.4,5.5,–
WT13_5X51,51.0,15.0,13.5,10.0,0.515,0.83,1.43,3.37,0.75,258.0,45.0,25.3,4.14,69.6,21.7,13.9,2.15,2.63,12.6,5.53,0.713,36.0,46.0,37.0,47.0,5.5,–
WT13_5X47,47.0,13.8,13.5,10.0,0.49,0.745,1.34,3.41,0.692,239.0,42.4,23.8,4.16,62.0,19.4,12.4,2.12,2.01,10.2,5.57,0.702,36.0,46.0,37.0,47.0,5.5,–
WT13_5X42,42.0,12.4,13.4,10.0,0.46,0.64,1.24,3.48,0.621,216.0,39.2,21.9,4.18,52.8,16.6,10.6,2.07,1.4,7.79,5.63,0.685,35.8,45.8,36.8,46.8,5.5,–
WT12X185,185.0,54.5,14.0,13.7,1.52,2.72,3.22,3.57,1.99,779.0,140.0,74.7,3.78,581.0,133.0,85.1,3.27,100.0,553.0,5.47,0.837,40.7,54.4,41.7,55.4,5.5,–
WT12X167_5,167.5,49.1,13.8,13.5,1.38,2.48,2.98,3.42,1.82,686.0,123.0,66.3,3.73,513.0,119.0,75.9,3.23,75.6,405.0,5.4,0.837,40.1,53.6,41.1,54.6,5.5,–
WT12X153,153.0,44.9,13.6,13.4,1.26,2.28,2.78,3.29,1.67,611.0,110.0,59.4,3.69,460.0,107.0,68.6,3.2,58.4,305.0,5.34,0.837,39.6,53.0,40.6,54.0,5.5,–
WT12X139_5,139.5,41.0,13.4,13.3,1.16,2.09,2.59,3.18,1.54,546.0,98.8,53.6,3.65,412.0,96.3,61.9,3.17,45.1,230.0,5.28,0.837,39.1,52.4,40.1,53.4,5.5,–
WT12X125,125.0,36.8,13.2,13.2,1.04,1.89,2.39,3.05,1.39,478.0,86.5,47.2,3.61,362.0,85.2,54.9,3.14,33.2,165.0,5.22,0.838,38.6,51.8,39.6,52.8,5.5,–
WT12X114_5,114.5,33.6,13.0,13.1,0.96,1.73,2.23,2.96,1.28,431.0,78.1,42.9,3.58,326.0,77.0,49.7,3.11,25.5,125.0,5.19,0.836,38.1,51.2,39.1,52.2,5.5,–
WT12X103_5,103.5,30.3,12.9,13.0,0.87,1.57,2.07,2.87,1.17,382.0,69.3,38.3,3.55,289.0,68.6,44.4,3.08,19.1,91.3,5.14,0.836,37.8,50.8,38.8,51.8,5.5,–
WT12X96,96.0,28.2,12.7,13.0,0.81,1.46,1.96,2.8,1.09,350.0,63.5,35.2,3.53,265.0,63.1,40.9,3.07,15.3,72.5,5.11,0.836,37.4,50.4,38.4,51.4,5.5,–
WT12X88,88.0,25.8,12.6,12.9,0.75,1.34,1.84,2.74,1.0,319.0,57.8,32.2,3.51,240.0,57.3,37.2,3.04,11.9,55.8,5.09,0.835,37.1,50.0,38.1,51.0,5.5,–
WT12X81,81.0,23.9,12.5,13.0,0.705,1.22,1.72,2.7,0.921,293.0,53.3,29.9,3.5,221.0,52.6,34.2,3.05,9.22,43.8,5.09,0.832,37.0,50.0,38.0,51.0,5.5,–
WT12X73,73.0,21.5,12.4,12.9,0.65,1.09,1.59,2.66,0.833,264.0,48.2,27.2,3.5,195.0,46.6,30.3,3.01,6.7,31.9,5.08,0.827,36.7,49.6,37.7,50.6,5.5,–
WT12X65_5,65.5,19.3,12.2,12.9,0.605,0.96,1.46,2.65,0.75,238.0,43.9,24.8,3.52,170.0,40.7,26.5,2.97,4.74,23.1,5.09,0.818,36.3,49.2,37.3,50.2,5.5,–
WT12X58_5,58.5,17.2,12.1,12.8,0.55,0.85,1.35,2.62,0.672,212.0,39.2,22.3,3.51,149.0,35.7,23.2,2.94,3.35,16.4,5.08,0.814,36.0,48.8,37.0,49.8,5.5,–
WT12X52,52.0,15.3,12.0,12.8,0.5,0.75,1.25,2.59,0.6,189.0,35.1,20.0,3.51,130.0,31.2,20.3,2.91,2.35,11.6,5.07,0.809,35.8,48.6,36.8,49.6,5.5,–
WT12X51_5,51.5,15.1,12.3,9.0,0.55,0.98,1.48,3.01,0.841,204.0,39.2,22.0,3.67,59.7,20.7,13.3,1.99,3.53,12.3,4.88,0.733,32.6,41.6,33.6,42.6,5.5,–
WT12X47,47.0,13.8,12.2,9.07,0.515,0.875,1.38,2.99,0.764,186.0,36.1,20.3,3.67,54.5,18.7,12.0,1.98,2.62,9.57,4.89,0.727,32.5,41.5,33.5,42.5,5.5,–
WT12X42,42.0,12.4,12.1,9.02,0.47,0.77,1.27,2.97,0.685,166.0,32.5,18.3,3.67,47.2,16.3,10.5,1.95,1.84,6.9,4.9,0.72,32.2,41.2,33.2,42.2,5.5,–
WT12X38,38.0,11.2,12.0,8.99,0.44,0.68,1.18,3.0,0.622,151.0,30.1,16.9,3.68,41.3,14.3,9.18,1.92,1.34,5.3,4.93,0.709,32.0,41.0,33.0,42.0,5.5,–
WT12X34,34.0,10.0,11.9,8.97,0.415,0.585,1.09,3.06,0.56,137.0,27.9,15.6,3.7,35.2,12.3,7.85,1.87,0.932,4.08,4.99,0.691,31.8,40.7,32.8,41.7,5.5,–
WT12X31,31.0,9.11,11.9,7.04,0.43,0.59,1.09,3.46,1.28,131.0,28.4,15.6,3.79,17.2,7.85,4.9,1.38,0.85,3.92,5.13,0.619,30.2,37.2,30.8,37.9,3.5,–
WT12X27_5,27.5,8.1,11.8,7.01,0.395,0.505,1.01,3.5,1.53,117.0,25.6,14.1,3.8,14.5,6.65,4.15,1.34,0.588,2.93,5.17,0.606,29.9,36.9,30.6,37.6,3.5,–
WT10_5X137_5,137.5,40.9,12.1,12.9,1.22,2.19,3.37,2.9,1.59,420.0,86.3,45.7,3.2,394.0,95.1,61.1,3.1,53.5,224.0,4.81,0.859,36.1,49.0,37.1,50.0,5.5,–
WT10_5X124,124.0,37.0,11.9,12.8,1.1,1.99,3.17,2.77,1.45,368.0,75.7,40.3,3.15,349.0,84.8,54.5,3.07,40.2,163.0,4.75,0.86,35.6,48.4,36.6,49.4,5.5,–
WT10_5X111_5,111.5,33.2,11.7,12.7,1.0,1.79,2.97,2.66,1.31,324.0,66.7,35.9,3.12,307.0,74.9,48.3,3.04,29.6,117.0,4.7,0.859,35.1,47.8,36.1,48.8,5.5,–
WT10_5X100_5,100.5,29.6,11.5,12.6,0.91,1.63,2.13,2.57,1.18,285.0,58.6,31.9,3.1,271.0,66.5,43.1,3.02,20.4,85.4,4.67,0.859,34.6,47.2,35.6,48.2,5.5,–
WT10_5X91,91.0,26.8,11.4,12.5,0.83,1.48,1.98,2.48,1.07,253.0,52.1,28.5,3.07,241.0,59.5,38.6,3.0,15.3,63.0,4.64,0.859,34.3,46.8,35.3,47.8,5.5,–
WT10_5X83,83.0,24.4,11.2,12.4,0.75,1.36,1.86,2.39,0.983,226.0,46.3,25.5,3.04,217.0,53.9,35.0,2.99,11.8,47.3,4.59,0.861,33.8,46.2,34.8,47.2,5.5,–
WT10_5X73_5,73.5,21.6,11.0,12.5,0.72,1.15,1.65,2.39,0.864,204.0,42.4,23.7,3.08,188.0,46.3,30.0,2.95,7.69,32.5,4.63,0.846,33.5,46.0,34.5,47.0,5.5,–
WT10_5X66,66.0,19.4,10.9,12.4,0.65,1.04,1.54,2.33,0.78,181.0,37.6,21.1,3.06,166.0,41.1,26.7,2.93,5.62,23.4,4.6,0.845,33.2,45.6,34.2,46.6,5.5,–
WT10_5X61,61.0,17.9,10.8,12.4,0.6,0.96,1.46,2.28,0.724,166.0,34.3,19.3,3.04,152.0,37.8,24.6,2.91,4.47,18.4,4.58,0.846,33.0,45.4,34.0,46.4,5.5,–
WT10_5X55_5,55.5,16.3,10.8,12.3,0.55,0.875,1.38,2.23,0.662,150.0,31.0,17.5,3.03,137.0,34.1,22.2,2.9,3.4,13.8,4.56,0.845,32.9,45.2,33.9,46.2,5.5,–
WT10_5X50_5,50.5,14.9,10.7,12.3,0.5,0.8,1.3,2.18,0.605,135.0,27.9,15.8,3.01,124.0,30.8,20.2,2.89,2.6,10.4,4.53,0.846,32.7,45.0,33.7,46.0,5.5,–
WT10_5X46_5,46.5,13.7,10.8,8.42,0.58,0.93,1.43,2.74,0.812,144.0,31.8,17.9,3.25,46.4,17.3,11.0,1.84,3.01,9.33,4.37,0.73,29.5,37.9,30.0,38.4,5.5,–
WT10_5X41_5,41.5,12.2,10.7,8.36,0.515,0.835,1.34,2.66,0.728,127.0,28.0,15.7,3.22,40.7,15.2,9.74,1.83,2.16,6.5,4.33,0.732,29.2,37.6,29.8,38.1,5.5,–
WT10_5X36_5,36.5,10.7,10.6,8.3,0.455,0.74,1.24,2.6,0.647,110.0,24.4,13.8,3.21,35.3,13.3,8.51,1.81,1.51,4.42,4.3,0.732,29.0,37.3,29.5,37.8,5.5,–
WT10_5X34,34.0,10.0,10.6,8.27,0.43,0.685,1.19,2.59,0.606,103.0,22.9,12.9,3.2,32.4,12.2,7.83,1.8,1.22,3.62,4.3,0.728,29.0,37.2,29.5,37.7,5.5,–
WT10_5X31,31.0,9.13,10.5,8.24,0.4,0.615,1.12,2.58,0.554,93.8,21.1,11.9,3.21,28.7,10.9,6.97,1.77,0.913,2.78,4.31,0.721,28.7,37.0,29.2,37.5,5.5,–
WT10_5X27_5,27.5,8.1,10.4,8.22,0.375,0.522,1.02,2.64,0.493,84.4,19.4,10.9,3.23,24.2,9.18,5.89,1.73,0.617,2.08,4.37,0.703,28.5,36.7,29.0,37.2,5.5,–
WT10_5X24,24.0,7.07,10.3,8.14,0.35,0.43,0.93,2.74,0.459,74.9,17.8,9.9,3.26,19.4,7.44,4.76,1.66,0.4,1.52,4.44,0.676,28.2,36.4,28.7,36.9,5.5,–
WT10_5X28_5,28.5,8.37,10.5,6.56,0.405,0.65,1.15,2.85,0.638,90.4,21.2,11.8,3.29,15.3,7.4,4.67,1.35,0.884,2.5,4.36,0.665,27.0,33.6,27.6,34.1,3.5,–
WT10_5X25,25.0,7.36,10.4,6.53,0.38,0.535,1.04,2.93,0.771,80.3,19.4,10.7,3.3,12.5,6.08,3.82,1.3,0.57,1.89,4.44,0.64,26.8,33.3,27.3,33.9,3.5,–
WT10_5X22,22.0,6.49,10.3,6.5,0.35,0.45,0.95,2.98,1.06,71.1,17.6,9.68,3.31,10.3,5.07,3.18,1.26,0.383,1.4,4.49,0.623,26.6,33.1,27.1,33.6,3.5,–
WT9X155_5,155.5,45.8,11.2,12.0,1.52,2.74,3.24,2.93,1.91,383.0,90.6,46.6,2.89,398.0,104.0,66.2,2.95,87.2,339.0,4.41,0.875,33.7,45.7,34.4,46.4,5.5,–
WT9X141_5,141.5,41.7,10.9,11.9,1.4,2.5,3.0,2.8,1.75,337.0,80.2,41.5,2.85,352.0,92.5,59.2,2.91,66.5,251.0,4.36,0.873,33.0,44.9,33.7,45.6,5.5,–
WT9X129,129.0,38.0,10.7,11.8,1.28,2.3,2.7,2.68,1.61,298.0,71.0,37.0,2.8,314.0,83.1,53.4,2.88,51.1,189.0,4.3,0.874,32.5,44.3,33.2,45.0,5.5,–
WT9X117,117.0,34.3,10.5,11.7,1.16,2.11,2.51,2.55,1.48,261.0,62.4,32.7,2.75,279.0,74.4,47.9,2.85,39.1,140.0,4.23,0.875,32.0,43.7,32.7,44.4,5.5,–
WT9X105_5,105.5,31.2,10.3,11.6,1.06,1.91,2.31,2.44,1.34,229.0,55.0,29.1,2.72,246.0,66.1,42.7,2.82,29.1,102.0,4.19,0.874,31.5,43.1,32.2,43.8,5.5,–
WT9X96,96.0,28.1,10.2,11.5,0.96,1.75,2.15,2.34,1.23,202.0,48.5,25.8,2.68,220.0,59.4,38.4,2.79,22.3,75.7,4.13,0.875,31.2,42.7,31.9,43.4,5.5,–
WT9X87_5,87.5,25.7,10.0,11.4,0.89,1.59,1.99,2.26,1.13,181.0,43.6,23.4,2.66,196.0,53.1,34.4,2.76,16.8,56.5,4.1,0.872,30.7,42.1,31.4,42.8,5.5,–
WT9X79,79.0,23.2,9.86,11.3,0.81,1.44,1.84,2.17,1.02,160.0,38.5,20.8,2.63,174.0,47.4,30.7,2.74,12.5,41.2,4.06,0.872,30.3,41.6,31.0,42.3,5.5,–
WT9X71_5,71.5,21.0,9.75,11.2,0.73,1.32,1.72,2.09,0.937,142.0,34.0,18.5,2.6,156.0,42.7,27.7,2.72,9.58,30.7,4.02,0.874,30.0,41.2,30.7,41.9,5.5,–
WT9X65,65.0,19.2,9.63,11.2,0.67,1.2,1.6,2.02,0.856,127.0,30.5,16.7,2.58,139.0,38.3,24.9,2.7,7.23,22.8,4.0,0.873,29.8,41.0,30.5,41.7,5.5,–
WT9X59_5,59.5,17.6,9.49,11.3,0.655,1.06,1.46,2.03,0.778,119.0,28.7,15.9,2.6,126.0,34.5,22.5,2.69,5.3,17.4,4.03,0.862,29.6,40.9,30.3,41.6,5.5,–
WT9X53,53.0,15.6,9.37,11.2,0.59,0.94,1.34,1.97,0.695,104.0,25.2,14.1,2.59,110.0,30.2,19.7,2.66,3.73,12.1,4.0,0.86,29.3,40.5,29.9,41.1,5.5,–
WT9X48_5,48.5,14.2,9.3,11.1,0.535,0.87,1.27,1.91,0.64,93.8,22.6,12.7,2.56,100.0,27.6,18.0,2.65,2.92,9.29,3.97,0.863,29.0,40.1,29.7,40.8,5.5,–
WT9X43,43.0,12.7,9.2,11.1,0.48,0.77,1.17,1.86,0.57,82.4,19.9,11.2,2.55,87.6,24.2,15.8,2.63,2.04,6.42,3.95,0.861,28.8,39.9,29.5,40.6,5.5,–
WT9X38,38.0,11.1,9.11,11.0,0.425,0.68,1.08,1.8,0.505,71.8,17.3,9.83,2.54,76.2,21.1,13.8,2.61,1.41,4.37,3.93,0.861,28.5,39.5,29.2,40.2,5.5,–
WT9X35_5,35.5,10.4,9.24,7.64,0.495,0.81,1.21,2.26,0.683,78.2,20.0,11.2,2.74,30.1,12.3,7.89,1.7,1.74,3.96,3.72,0.752,25.6,33.2,26.1,33.8,3.5,–
WT9X32_5,32.5,9.55,9.18,7.59,0.45,0.75,1.15,2.2,0.629,70.7,18.0,10.1,2.72,27.4,11.2,7.22,1.69,1.36,3.01,3.69,0.755,25.4,33.0,26.0,33.5,3.5,–
WT9X30,30.0,8.82,9.12,7.56,0.415,0.695,1.1,2.16,0.583,64.7,16.5,9.29,2.71,25.0,10.3,6.63,1.68,1.08,2.35,3.67,0.756,25.3,32.8,25.8,33.4,3.5,–
WT9X27_5,27.5,8.1,9.06,7.53,0.39,0.63,1.03,2.16,0.538,59.5,15.3,8.63,2.71,22.5,9.26,5.97,1.67,0.83,1.84,3.68,0.749,25.1,32.7,25.7,33.2,3.5,–
WT9X25,25.0,7.34,9.0,7.5,0.355,0.57,0.972,2.12,0.489,53.5,13.8,7.79,2.7,20.0,8.28,5.35,1.65,0.619,1.36,3.66,0.748,25.0,32.5,25.5,33.0,3.5,–
WT9X23,23.0,6.77,9.03,6.06,0.36,0.605,1.01,2.33,0.558,52.1,13.9,7.77,2.77,11.3,5.84,3.71,1.29,0.609,1.2,3.67,0.695,23.6,29.7,24.1,30.2,3.5,–
WT9X20,20.0,5.88,8.95,6.02,0.315,0.525,0.927,2.29,0.489,44.8,12.0,6.73,2.76,9.55,4.97,3.17,1.27,0.404,0.788,3.65,0.693,23.4,29.4,23.9,29.9,3.5,–
WT9X17_5,17.5,5.15,8.85,6.0,0.3,0.425,0.827,2.39,0.45,40.1,11.2,6.21,2.79,7.67,4.02,2.56,1.22,0.252,0.598,3.74,0.662,23.2,29.2,23.7,29.7,3.5,–
WT8X50,50.0,14.7,8.49,10.4,0.585,0.985,1.39,1.76,0.706,76.8,20.7,11.4,2.28,93.1,27.4,17.9,2.51,3.85,10.4,3.63,0.878,26.7,37.1,27.4,37.8,5.5,–
WT8X44_5,44.5,13.1,8.38,10.4,0.525,0.875,1.28,1.7,0.631,67.2,18.1,10.1,2.27,81.3,24.0,15.7,2.49,2.72,7.19,3.6,0.877,26.5,36.9,27.2,37.6,5.5,–
WT8X38_5,38.5,11.3,8.26,10.3,0.455,0.76,1.16,1.63,0.549,56.9,15.3,8.59,2.24,69.2,20.5,13.4,2.47,1.78,4.61,3.57,0.877,26.1,36.4,26.8,37.1,5.5,–
WT8X33_5,33.5,9.81,8.17,10.2,0.395,0.665,1.07,1.56,0.481,48.6,13.0,7.36,2.22,59.5,17.7,11.6,2.46,1.19,3.01,3.54,0.879,25.9,36.1,26.5,36.7,5.5,–
WT8X28_5,28.5,8.39,8.22,7.12,0.43,0.715,1.12,1.94,0.589,48.7,13.8,7.77,2.41,21.6,9.42,6.06,1.6,1.1,1.99,3.3,0.77,23.0,30.2,23.6,30.7,3.5,–
WT8X25,25.0,7.37,8.13,7.07,0.38,0.63,1.03,1.89,0.521,42.3,12.0,6.78,2.4,18.6,8.15,5.26,1.59,0.76,1.34,3.28,0.769,22.8,29.9,23.3,30.4,3.5,–
WT8X22_5,22.5,6.63,8.07,7.04,0.345,0.565,0.967,1.86,0.471,37.8,10.8,6.1,2.39,16.4,7.22,4.67,1.57,0.555,0.974,3.27,0.767,22.7,29.7,23.2,30.2,3.5,–
WT8X20,20.0,5.89,8.01,7.0,0.305,0.505,0.907,1.81,0.421,33.1,9.43,5.35,2.37,14.4,6.36,4.12,1.56,0.396,0.673,3.24,0.769,22.5,29.5,23.0,30.0,3.5,–
WT8X18,18.0,5.29,7.93,6.99,0.295,0.43,0.832,1.88,0.378,30.6,8.93,5.05,2.41,12.2,5.42,3.5,1.52,0.272,0.516,3.3,0.745,22.3,29.3,22.9,29.8,3.5,–
WT8X15_5,15.5,4.56,7.94,5.53,0.275,0.44,0.842,2.02,0.413,27.5,8.27,4.64,2.45,6.2,3.51,2.24,1.17,0.23,0.366,3.26,0.695,20.9,26.4,21.4,26.9,3.5,–
WT8X13,13.0,3.84,7.85,5.5,0.25,0.345,0.747,2.09,0.372,23.5,7.36,4.09,2.47,4.79,2.73,1.74,1.12,0.13,0.243,3.32,0.667,20.7,26.2,21.2,26.7,3.5,–
WT7X436_5,436.5,129.0,11.8,18.8,3.94,5.51,6.1,3.88,3.43,1040.0,281.0,131.0,2.84,3080.0,511.0,328.0,4.89,1110.0,8980.0,5.76,0.962,41.9,60.7,42.4,61.2,8.5,3
WT7X404,404.0,119.0,11.4,18.6,3.74,5.12,5.71,3.69,3.2,898.0,249.0,116.0,2.75,2770.0,465.0,298.0,4.82,898.0,7000.0,5.67,0.96,40.9,59.5,41.4,60.0,8.5,3
WT7X365,365.0,107.0,11.2,17.9,3.07,4.91,5.51,3.47,3.0,739.0,211.0,95.4,2.62,2360.0,408.0,264.0,4.69,714.0,5250.0,5.47,0.966,39.3,57.2,40.3,58.2,7.5,3
WT7X332_5,332.5,97.8,10.8,17.7,2.83,4.52,5.12,3.25,2.77,622.0,182.0,82.1,2.52,2080.0,365.0,236.0,4.62,555.0,3920.0,5.35,0.966,38.3,56.0,39.3,57.0,7.5,3
WT7X302_5,302.5,89.0,10.5,17.4,2.6,4.16,4.76,3.05,2.55,524.0,157.0,70.6,2.43,1840.0,326.0,211.0,4.55,430.0,2930.0,5.24,0.966,37.4,54.8,38.4,55.8,7.5,3
WT7X275,275.0,80.9,10.1,17.2,2.38,3.82,4.42,2.85,2.35,442.0,136.0,60.9,2.34,1630.0,292.0,189.0,4.49,331.0,2180.0,5.15,0.966,36.4,53.6,37.4,54.6,7.5,3
WT7X250,250.0,73.5,9.8,17.0,2.19,3.5,4.1,2.67,2.16,375.0,117.0,52.7,2.26,1440.0,261.0,169.0,4.43,254.0,1620.0,5.06,0.967,35.6,52.6,36.6,53.6,7.5,3
WT7X227_5,227.5,66.9,9.51,16.8,2.02,3.21,3.81,2.51,1.99,321.0,102.0,45.9,2.19,1280.0,234.0,152.0,4.38,196.0,1210.0,4.98,0.967,34.8,51.6,35.8,52.6,7.5,3
WT7X213,213.0,62.7,9.34,16.7,1.88,3.04,3.63,2.4,1.88,287.0,91.7,41.4,2.14,1180.0,217.0,141.0,4.34,164.0,991.0,4.92,0.968,34.4,51.1,35.4,52.1,7.5,3
WT7X199,199.0,58.4,9.15,16.6,1.77,2.85,3.44,2.3,1.76,257.0,82.9,37.6,2.1,1090.0,201.0,131.0,4.31,135.0,801.0,4.87,0.968,33.9,50.5,34.9,51.5,7.5,3
WT7X185,185.0,54.4,8.96,16.5,1.66,2.66,3.26,2.19,1.65,229.0,74.4,33.9,2.05,994.0,185.0,121.0,4.27,110.0,640.0,4.82,0.968,33.4,49.9,34.4,50.9,7.5,3
WT7X171,171.0,50.3,8.77,16.4,1.54,2.47,3.07,2.09,1.54,203.0,66.2,30.4,2.01,903.0,169.0,110.0,4.24,88.3,502.0,4.77,0.968,32.9,49.3,33.9,50.3,7.5,3
WT7X155_5,155.5,45.7,8.56,16.2,1.41,2.26,2.86,1.97,1.41,176.0,57.7,26.7,1.96,807.0,152.0,99.4,4.2,67.5,375.0,4.71,0.969,32.3,48.5,33.3,49.5,7.5,3
WT7X141_5,141.5,41.6,8.37,16.1,1.29,2.07,2.67,1.86,1.29,153.0,50.4,23.5,1.92,722.0,137.0,89.7,4.17,51.8,281.0,4.66,0.969,31.8,47.9,32.8,48.9,7.5,3
WT7X128_5,128.5,37.8,8.19,16.0,1.18,1.89,2.49,1.75,1.18,133.0,43.9,20.7,1.88,645.0,123.0,80.7,4.13,39.3,209.0,4.61,0.969,31.4,47.4,32.4,48.4,7.5,3
WT7X116_5,116.5,34.2,8.02,15.9,1.07,1.72,2.32,1.65,1.08,116.0,38.2,18.2,1.84,576.0,110.0,72.5,4.1,29.6,154.0,4.57,0.97,30.9,46.8,31.9,47.8,7.5,3
WT7X105_5,105.5,31.0,7.86,15.8,0.98,1.56,2.16,1.57,0.98,102.0,33.4,16.2,1.81,513.0,98.9,65.0,4.07,22.2,113.0,4.52,0.97,30.5,46.3,31.5,47.3,7.5,3
WT7X96_5,96.5,28.4,7.74,15.7,0.89,1.44,2.04,1.49,0.903,89.8,29.4,14.4,1.78,466.0,90.1,59.3,4.05,17.3,87.2,4.49,0.971,30.2,45.9,31.2,46.9,7.5,3
WT7X88,88.0,25.9,7.61,15.7,0.83,1.31,1.91,1.43,0.827,80.5,26.3,13.0,1.76,419.0,81.3,53.5,4.02,13.2,65.2,4.46,0.97,29.9,45.6,30.9,46.6,7.5,3
WT7X79_5,79.5,23.4,7.49,15.6,0.745,1.19,1.79,1.35,0.751,70.2,22.8,11.4,1.73,374.0,73.0,48.1,4.0,9.84,47.9,4.43,0.971,29.6,45.2,30.6,46.2,7.5,3
WT7X72_5,72.5,21.3,7.39,15.5,0.68,1.09,1.69,1.29,0.688,62.5,20.2,10.2,1.71,338.0,66.2,43.7,3.98,7.56,36.3,4.4,0.971,29.3,44.8,30.3,45.8,7.5,3
WT7X66,66.0,19.4,7.33,14.7,0.645,1.03,1.63,1.29,0.658,57.8,18.6,9.57,1.73,274.0,56.5,37.2,3.76,6.13,26.6,4.21,0.966,28.3,43.0,29.4,44.1,5.5,–
WT7X60,60.0,17.7,7.24,14.7,0.59,0.94,1.54,1.24,0.602,51.7,16.5,8.61,1.71,247.0,51.2,33.7,3.74,4.67,20.0,4.19,0.966,28.2,42.9,29.2,43.9,5.5,–
WT7X54_5,54.5,16.0,7.16,14.6,0.525,0.86,1.46,1.17,0.548,45.3,14.4,7.56,1.68,223.0,46.3,30.6,3.73,3.55,15.0,4.16,0.968,27.9,42.5,28.9,43.5,5.5,–
WT7X49_5,49.5,14.6,7.08,14.6,0.485,0.78,1.38,1.14,0.5,40.9,12.9,6.88,1.67,201.0,41.8,27.6,3.71,2.68,11.1,4.14,0.967,27.7,42.3,28.8,43.4,5.5,–
WT7X45,45.0,13.2,7.01,14.5,0.44,0.71,1.31,1.09,0.456,36.5,11.5,6.16,1.66,181.0,37.8,25.0,3.7,2.03,8.31,4.12,0.968,27.5,42.0,28.5,43.0,5.5,–
WT7X41,41.0,12.0,7.16,10.1,0.51,0.855,1.45,1.39,0.593,41.2,13.2,7.14,1.85,74.1,22.4,14.6,2.48,2.53,5.63,3.24,0.912,23.7,33.8,24.4,34.5,5.5,–
WT7X37,37.0,10.9,7.09,10.1,0.45,0.785,1.38,1.32,0.541,36.0,11.5,6.25,1.82,66.9,20.2,13.3,2.48,1.93,4.19,3.21,0.916,23.6,33.7,24.3,34.4,5.5,–
WT7X34,34.0,10.0,7.02,10.0,0.415,0.72,1.31,1.29,0.498,32.6,10.4,5.69,1.81,60.7,18.4,12.1,2.46,1.5,3.21,3.19,0.916,23.4,33.4,24.0,34.0,5.5,–
WT7X30_5,30.5,8.96,6.95,10.0,0.375,0.645,1.24,1.25,0.448,28.9,9.15,5.07,1.8,53.7,16.4,10.7,2.45,1.09,2.29,3.17,0.915,23.2,33.2,23.9,33.9,5.5,–
WT7X26_5,26.5,7.8,6.96,8.06,0.37,0.66,1.25,1.38,0.484,27.6,8.87,4.94,1.88,28.8,11.0,7.15,1.92,0.967,1.46,2.89,0.868,21.3,29.4,22.0,30.0,5.5,–
WT7X24,24.0,7.07,6.9,8.03,0.34,0.595,1.19,1.35,0.44,24.9,8.0,4.49,1.88,25.7,9.8,6.4,1.91,0.723,1.07,2.87,0.866,21.1,29.2,21.8,29.9,5.5,–
WT7X21_5,21.5,6.31,6.83,8.0,0.305,0.53,1.12,1.31,0.395,21.9,7.05,3.98,1.86,22.6,8.64,5.65,1.89,0.522,0.751,2.86,0.865,21.0,29.0,21.7,29.7,5.5,–
WT7X19,19.0,5.58,7.05,6.77,0.31,0.515,0.915,1.54,0.412,23.3,7.45,4.22,2.04,13.3,6.07,3.94,1.55,0.398,0.554,2.86,0.799,20.4,27.1,20.9,27.6,3.5,–
WT7X17,17.0,5.0,6.99,6.75,0.285,0.455,0.855,1.53,0.371,20.9,6.74,3.83,2.04,11.6,5.32,3.45,1.53,0.284,0.4,2.87,0.792,20.2,27.0,20.7,27.5,3.5,–
WT7X15,15.0,4.42,6.92,6.73,0.27,0.385,0.785,1.58,0.329,19.0,6.25,3.55,2.07,9.79,4.49,2.91,1.49,0.19,0.287,2.9,0.772,20.1,26.8,20.6,27.3,3.5,–
WT7X13,13.0,3.85,6.96,5.03,0.255,0.42,0.82,1.72,0.383,17.3,5.89,3.31,2.12,4.45,2.76,1.77,1.08,0.179,0.207,2.82,0.712,18.4,23.5,19.0,24.0,2.75,–
WT7X11,11.0,3.25,6.87,5.0,0.23,0.335,0.735,1.76,0.325,14.8,5.2,2.91,2.14,3.5,2.19,1.4,1.04,0.104,0.134,2.86,0.689,18.2,23.2,18.7,23.7,2.75,–
WT6X168,168.0,49.5,8.41,13.4,1.78,2.96,3.55,2.31,1.84,190.0,68.4,31.2,1.96,593.0,137.0,88.6,3.47,120.0,481.0,4.07,0.958,29.5,42.9,30.2,43.6,5.5,–
WT6X152_5,152.5,44.7,8.16,13.2,1.63,2.71,3.3,2.16,1.69,162.0,59.1,27.0,1.9,525.0,122.0,79.3,3.42,92.0,356.0,4.0,0.959,28.8,42.0,29.5,42.7,5.5,–
WT6X139_5,139.5,41.0,7.93,13.1,1.53,2.47,3.07,2.05,1.56,141.0,51.9,24.1,1.86,469.0,110.0,71.3,3.38,70.9,267.0,3.94,0.958,28.3,41.4,29.0,42.1,5.5,–
WT6X126,126.0,37.1,7.71,13.0,1.4,2.25,2.85,1.92,1.42,121.0,44.8,20.9,1.81,414.0,97.9,63.6,3.34,53.5,195.0,3.88,0.958,27.7,40.7,28.4,41.4,5.5,–
WT6X115,115.0,33.8,7.53,12.9,1.29,2.07,2.67,1.82,1.31,106.0,39.4,18.5,1.77,371.0,88.4,57.5,3.31,41.6,148.0,3.83,0.958,27.3,40.2,28.0,40.9,5.5,–
WT6X105,105.0,30.9,7.36,12.8,1.18,1.9,2.5,1.72,1.21,92.1,34.5,16.4,1.73,332.0,79.7,51.9,3.28,32.1,112.0,3.79,0.958,26.8,39.6,27.5,40.3,5.5,–
WT6X95,95.0,28.0,7.19,12.7,1.06,1.74,2.33,1.62,1.1,79.0,29.8,14.2,1.68,295.0,71.2,46.5,3.25,24.3,82.1,3.73,0.96,26.4,39.1,27.1,39.8,5.5,–
WT6X85,85.0,25.0,7.02,12.6,0.96,1.56,2.16,1.52,0.994,67.8,25.6,12.3,1.65,259.0,62.9,41.2,3.22,17.7,58.3,3.69,0.96,26.0,38.6,26.6,39.2,5.5,–
WT6X76,76.0,22.4,6.86,12.5,0.87,1.4,2.0,1.43,0.896,58.5,22.0,10.8,1.62,227.0,55.6,36.4,3.19,12.8,41.3,3.65,0.96,25.5,38.0,26.2,38.7,5.5,–
WT6X68,68.0,20.0,6.71,12.4,0.79,1.25,1.85,1.35,0.805,50.6,19.0,9.46,1.59,199.0,48.9,32.1,3.16,9.21,28.9,3.61,0.959,25.1,37.5,25.8,38.2,5.5,–
WT6X60,60.0,17.6,6.56,12.3,0.71,1.11,1.7,1.28,0.716,43.4,16.2,8.22,1.57,172.0,42.7,28.0,3.13,6.42,19.7,3.57,0.959,24.7,37.0,25.4,37.7,5.5,–
WT6X53,53.0,15.6,6.45,12.2,0.61,0.99,1.59,1.19,0.637,36.3,13.6,6.92,1.53,151.0,37.5,24.7,3.11,4.55,13.6,3.53,0.961,24.4,36.6,25.1,37.3,5.5,–
WT6X48,48.0,14.1,6.36,12.2,0.55,0.9,1.5,1.13,0.58,32.0,11.9,6.12,1.51,135.0,33.7,22.2,3.09,3.42,10.1,3.51,0.962,24.2,36.4,24.9,37.1,5.5,–
WT6X43_5,43.5,12.8,6.27,12.1,0.515,0.81,1.41,1.1,0.527,28.9,10.7,5.6,1.5,120.0,30.2,19.9,3.07,2.54,7.34,3.49,0.96,24.0,36.1,24.6,36.7,5.5,–
WT6X39_5,39.5,11.6,6.19,12.1,0.47,0.735,1.33,1.06,0.48,25.8,9.49,5.03,1.49,108.0,27.1,17.9,3.05,1.91,5.43,3.47,0.96,23.8,35.9,24.5,36.6,5.5,–
WT6X36,36.0,10.6,6.13,12.0,0.43,0.67,1.27,1.02,0.439,23.2,8.48,4.54,1.48,97.5,24.6,16.2,3.04,1.46,4.07,3.45,0.96,23.6,35.6,24.3,36.3,5.5,–
WT6X32_5,32.5,9.54,6.06,12.0,0.39,0.605,1.2,0.985,0.398,20.6,7.5,4.06,1.47,87.2,22.0,14.5,3.02,1.09,2.97,3.43,0.96,23.4,35.4,24.1,36.1,5.5,–
WT6X29,29.0,8.52,6.1,10.0,0.36,0.64,1.24,1.03,0.426,19.1,6.97,3.76,1.5,53.5,16.2,10.7,2.51,1.05,2.08,3.0,0.944,21.6,31.6,22.2,32.2,5.5,–
WT6X26_5,26.5,7.78,6.03,10.0,0.345,0.575,1.18,1.02,0.389,17.7,6.46,3.54,1.51,47.9,14.5,9.58,2.48,0.788,1.53,3.0,0.939,21.5,31.5,22.1,32.1,5.5,–
WT6X25,25.0,7.3,6.1,8.08,0.37,0.64,1.14,1.17,0.452,18.7,6.88,3.79,1.6,28.2,10.6,6.97,1.96,0.855,1.23,2.67,0.899,19.7,27.8,20.3,28.4,5.5,–
WT6X22_5,22.5,6.56,6.03,8.05,0.335,0.575,1.08,1.13,0.408,16.6,6.1,3.39,1.59,25.0,9.47,6.21,1.95,0.627,0.885,2.66,0.898,19.5,27.6,20.1,28.2,5.5,–
WT6X20,20.0,5.84,5.97,8.01,0.295,0.515,1.02,1.09,0.365,14.4,5.28,2.95,1.57,22.0,8.38,5.5,1.94,0.452,0.62,2.63,0.901,19.3,27.4,20.0,28.0,5.5,–
WT6X17_5,17.5,5.17,6.25,6.56,0.3,0.52,0.82,1.3,0.394,16.0,5.71,3.23,1.76,12.2,5.73,3.73,1.54,0.369,0.437,2.56,0.834,18.5,25.1,19.1,25.6,3.5,–
WT6X15,15.0,4.4,6.17,6.52,0.26,0.44,0.74,1.27,0.337,13.5,4.83,2.75,1.75,10.2,4.78,3.12,1.52,0.228,0.267,2.54,0.83,18.3,24.9,18.9,25.4,3.5,–
WT6X13,13.0,3.82,6.11,6.49,0.23,0.38,0.68,1.25,0.295,11.7,4.2,2.4,1.75,8.66,4.08,2.67,1.51,0.15,0.174,2.54,0.827,18.2,24.7,18.7,25.2,3.5,–
WT6X11,11.0,3.24,6.16,4.03,0.26,0.425,0.725,1.63,0.402,11.7,4.63,2.59,1.9,2.33,1.83,1.15,0.847,0.146,0.137,2.52,0.683,16.0,20.0,16.4,20.4,2.25,–
WT6X9_5,9.5,2.79,6.08,4.01,0.235,0.35,0.65,1.65,0.348,10.1,4.11,2.28,1.9,1.88,1.49,0.939,0.821,0.0899,0.0934,2.54,0.665,15.8,19.8,16.2,20.2,2.25,–
WT6X8,8.0,2.36,6.0,3.99,0.22,0.265,0.565,1.74,0.639,8.7,3.72,2.04,1.92,1.41,1.13,0.706,0.773,0.0511,0.0678,2.62,0.624,15.6,19.6,16.0,20.0,2.25,–
WT6X7,7.0,2.08,5.96,3.97,0.2,0.225,0.525,1.76,0.76,7.67,3.32,1.83,1.92,1.18,0.947,0.593,0.753,0.035,0.0493,2.64,0.611,15.5,19.5,15.9,19.9,2.25,–
WT5X56,56.0,16.5,5.68,10.4,0.755,1.25,1.75,1.21,0.791,28.6,13.4,6.4,1.32,118.0,34.6,22.6,2.67,7.5,16.9,3.04,0.963,21.2,31.6,21.8,32.2,5.5,–
WT5X50,50.0,14.7,5.55,10.3,0.68,1.12,1.62,1.13,0.711,24.5,11.4,5.56,1.29,103.0,30.5,20.0,2.65,5.41,11.9,3.0,0.964,20.9,31.2,21.4,31.7,5.5,–
WT5X44,44.0,13.0,5.42,10.3,0.605,0.99,1.49,1.06,0.631,20.8,9.65,4.77,1.27,89.3,26.5,17.4,2.63,3.75,8.02,2.97,0.964,20.6,30.9,21.1,31.4,5.5,–
WT5X38_5,38.5,11.3,5.3,10.2,0.53,0.87,1.37,0.99,0.555,17.4,8.06,4.05,1.24,76.8,22.9,15.1,2.6,2.55,5.31,2.94,0.964,20.3,30.5,20.8,31.0,5.5,–
WT5X34,34.0,10.0,5.2,10.1,0.47,0.77,1.27,0.932,0.493,14.9,6.85,3.49,1.22,66.7,20.0,13.2,2.58,1.78,3.62,2.91,0.965,20.0,30.1,20.5,30.6,5.5,–
WT5X30,30.0,8.84,5.11,10.1,0.42,0.68,1.18,0.884,0.438,12.9,5.87,3.04,1.21,58.1,17.5,11.5,2.57,1.23,2.46,2.89,0.964,19.8,29.9,20.3,30.4,5.5,–
WT5X27,27.0,7.9,5.05,10.0,0.37,0.615,1.12,0.836,0.395,11.1,5.05,2.64,1.19,51.7,15.6,10.3,2.56,0.909,1.78,2.87,0.966,19.6,29.6,20.1,30.1,5.5,–
WT5X24_5,24.5,7.21,4.99,10.0,0.34,0.56,1.06,0.807,0.361,10.0,4.52,2.39,1.18,46.7,14.1,9.34,2.54,0.693,1.33,2.85,0.966,19.5,29.5,20.0,30.0,5.5,–
WT5X22_5,22.5,6.63,5.05,8.02,0.35,0.62,1.12,0.907,0.413,10.2,4.65,2.47,1.24,26.7,10.1,6.65,2.01,0.753,0.981,2.43,0.94,17.6,25.6,18.1,26.1,5.5,–
WT5X19_5,19.5,5.73,4.96,7.99,0.315,0.53,1.03,0.876,0.359,8.84,3.99,2.16,1.24,22.5,8.57,5.64,1.98,0.487,0.616,2.42,0.936,17.4,25.4,17.9,25.9,5.5,–
WT5X16_5,16.5,4.85,4.87,7.96,0.29,0.435,0.935,0.869,0.305,7.71,3.48,1.93,1.26,18.3,7.0,4.6,1.94,0.291,0.356,2.4,0.927,17.2,25.1,17.7,25.7,5.5,–
WT5X15,15.0,4.42,5.24,5.81,0.3,0.51,0.81,1.1,0.38,9.28,4.01,2.24,1.45,8.35,4.41,2.87,1.37,0.31,0.273,2.17,0.849,15.9,21.7,16.3,22.1,2.75,–
WT5X13,13.0,3.81,5.17,5.77,0.26,0.44,0.74,1.06,0.33,7.86,3.39,1.91,1.44,7.05,3.75,2.44,1.36,0.201,0.173,2.15,0.848,15.7,21.5,16.1,21.9,2.75,–
WT5X11,11.0,3.24,5.09,5.75,0.24,0.36,0.66,1.07,0.282,6.88,3.02,1.72,1.46,5.71,3.05,1.99,1.33,0.119,0.107,2.16,0.83,15.5,21.3,15.9,21.7,2.75,–
WT5X9_5,9.5,2.81,5.12,4.02,0.25,0.395,0.695,1.28,0.349,6.68,3.1,1.74,1.54,2.15,1.67,1.07,0.874,0.116,0.0796,2.08,0.729,13.9,17.9,14.3,18.3,2.25,–
WT5X8_5,8.5,2.5,5.06,4.01,0.24,0.33,0.63,1.32,0.311,6.06,2.9,1.62,1.56,1.78,1.4,0.887,0.844,0.0776,0.061,2.11,0.703,13.8,17.8,14.1,18.1,2.25,–
WT5X7_5,7.5,2.21,5.0,4.0,0.23,0.27,0.57,1.37,0.305,5.45,2.71,1.5,1.57,1.45,1.15,0.723,0.81,0.0518,0.0475,2.16,0.672,13.6,17.6,14.0,18.0,2.25,–
WT5X6,6.0,1.77,4.94,3.96,0.19,0.21,0.51,1.36,0.322,4.35,2.2,1.22,1.57,1.09,0.869,0.551,0.785,0.0272,0.0255,2.16,0.661,13.5,17.4,13.8,17.8,2.25,–
WT4X33_5,33.5,9.84,4.5,8.28,0.57,0.935,1.33,0.936,0.594,10.9,6.29,3.05,1.05,44.3,16.3,10.7,2.12,2.51,3.56,2.41,0.962,16.8,25.0,17.3,25.6,5.5,–
WT4X29,29.0,8.54,4.38,8.22,0.51,0.81,1.2,0.874,0.52,9.12,5.25,2.61,1.03,37.5,13.9,9.13,2.1,1.66,2.28,2.38,0.961,16.5,24.7,17.0,25.2,5.5,–
WT4X24,24.0,7.05,4.25,8.11,0.4,0.685,1.08,0.777,0.435,6.85,3.94,1.97,0.986,30.5,11.4,7.51,2.08,0.977,1.3,2.34,0.966,16.1,24.2,16.6,24.7,5.5,–
WT4X20,20.0,5.87,4.13,8.07,0.36,0.56,0.954,0.735,0.364,5.73,3.25,1.69,0.988,24.5,9.24,6.08,2.04,0.558,0.715,2.32,0.961,15.8,23.9,16.3,24.4,5.5,–
WT4X17_5,17.5,5.14,4.06,8.02,0.31,0.495,0.889,0.688,0.321,4.82,2.71,1.43,0.968,21.3,8.05,5.31,2.03,0.384,0.48,2.3,0.963,15.6,23.6,16.1,24.2,5.5,–
WT4X15_5,15.5,4.56,4.0,8.0,0.285,0.435,0.829,0.668,0.285,4.28,2.39,1.28,0.969,18.5,7.03,4.64,2.02,0.267,0.327,2.28,0.961,15.5,23.5,16.0,24.0,5.5,–
WT4X14,14.0,4.12,4.03,6.54,0.285,0.465,0.859,0.734,0.315,4.23,2.38,1.28,1.01,10.8,5.04,3.31,1.62,0.268,0.23,1.98,0.935,14.2,20.8,14.6,21.1,4.0,–
WT4X12,12.0,3.54,3.97,6.5,0.245,0.4,0.794,0.695,0.272,3.53,1.98,1.08,0.999,9.14,4.28,2.81,1.61,0.173,0.144,1.96,0.936,14.1,20.6,14.4,20.9,4.0,–
WT4X10_5,10.5,3.08,4.14,5.27,0.25,0.4,0.7,0.831,0.292,3.9,2.11,1.18,1.12,4.88,2.84,1.85,1.26,0.141,0.0916,1.8,0.877,13.2,18.5,13.6,18.8,2.75,–
WT4X9,9.0,2.63,4.07,5.25,0.23,0.33,0.63,0.834,0.251,3.41,1.86,1.05,1.14,3.98,2.33,1.52,1.23,0.0855,0.0562,1.8,0.863,13.1,18.3,13.4,18.6,2.75,–
WT4X7_5,7.5,2.22,4.06,4.02,0.245,0.315,0.615,0.998,0.276,3.28,1.91,1.07,1.22,1.7,1.33,0.849,0.876,0.0679,0.0382,1.72,0.76,11.8,15.8,12.1,16.2,2.25,–
WT4X6_5,6.5,1.92,4.0,4.0,0.23,0.255,0.555,1.03,0.24,2.89,1.74,0.974,1.23,1.36,1.07,0.682,0.843,0.0433,0.0269,1.74,0.733,11.7,15.7,12.0,16.0,2.25,–
WT4X5,5.0,1.48,3.95,3.94,0.17,0.205,0.505,0.953,0.188,2.15,1.27,0.717,1.2,1.05,0.826,0.531,0.84,0.0212,0.0114,1.7,0.749,11.5,15.4,11.8,15.8,2.25,–
WT3X12_5,12.5,3.67,3.19,6.08,0.32,0.455,0.705,0.61,0.302,2.29,1.68,0.886,0.789,8.53,4.28,2.81,1.52,0.229,0.171,1.76,0.953,12.1,18.2,12.5,18.5,3.5,–
WT3X10,10.0,2.94,3.1,6.02,0.26,0.365,0.615,0.56,0.244,1.76,1.29,0.693,0.774,6.64,3.36,2.21,1.5,0.12,0.0858,1.73,0.953,11.9,17.9,12.2,18.2,3.5,–
WT3X7_5,7.5,2.21,3.0,5.99,0.23,0.26,0.51,0.558,0.185,1.41,1.03,0.577,0.797,4.66,2.37,1.56,1.45,0.0504,0.0342,1.71,0.937,11.7,17.6,12.0,18.0,3.5,–
WT3X8,8.0,2.37,3.14,4.03,0.26,0.405,0.655,0.676,0.294,1.69,1.25,0.685,0.844,2.21,1.69,1.1,0.966,0.111,0.0426,1.37,0.88,10.0,14.0,10.3,14.3,2.25,–
WT3X6,6.0,1.78,3.02,4.0,0.23,0.28,0.53,0.677,0.222,1.32,1.01,0.564,0.862,1.5,1.16,0.748,0.918,0.0449,0.0178,1.37,0.846,9.7,13.7,10.0,14.0,2.25,–
WT3X4_5,4.5,1.34,2.95,3.94,0.17,0.215,0.465,0.623,0.17,0.95,0.72,0.408,0.842,1.1,0.856,0.557,0.905,0.0202,0.00736,1.34,0.852,9.5,13.4,9.84,13.8,2.25,–
WT3X4_25,4.25,1.26,2.92,3.94,0.17,0.195,0.445,0.637,0.16,0.905,0.7,0.397,0.848,0.995,0.778,0.505,0.89,0.0166,0.0062,1.34,0.839,9.44,13.4,9.78,13.7,2.25,–
WT2_5X9_5,9.5,2.78,2.58,5.03,0.27,0.43,0.73,0.487,0.276,1.01,0.97,0.485,0.604,4.56,2.76,1.81,1.28,0.157,0.0775,1.44,0.964,9.93,15.0,10.2,15.2,2.75,–
WT2_5X8,8.0,2.35,2.51,5.0,0.24,0.36,0.66,0.458,0.235,0.845,0.801,0.413,0.599,3.75,2.28,1.5,1.26,0.0958,0.0453,1.43,0.962,9.76,14.8,10.0,15.0,2.75,–
WT2X6_5,6.5,1.91,2.08,4.06,0.28,0.345,0.595,0.44,0.236,0.526,0.616,0.321,0.524,1.93,1.46,0.95,1.0,0.075,0.0233,1.16,0.947,7.95,12.0,8.22,12.3,2.25,–
